Rk,Player,Pos,Squad,Age,Born,90s,CrdY,CrdR,2CrdY,Fls,Fld,Off,Crs,Int,TklW,PKwon,PKcon,OG,Recov,Won,Lost,Won%,Matches
1,Teresa Abelleira,MF,es Spain,23,2000,6.7,0,0,0,9,10,0,55,9,10,0,0,0,70,28,14,66.7,Matches
2,Deborah Abiodun,MF,ng Nigeria,19,2003,1.0,0,1,0,2,0,0,0,1,5,0,0,0,11,1,2,33.3,Matches
3,Adriana,MF,br Brazil,26,1996,2.9,0,0,0,0,4,0,7,1,3,0,0,0,21,4,2,66.7,Matches
4,Lily Agg,MF,ie Rep. of Ireland,29,1993,1.2,0,0,0,4,3,0,0,1,1,0,0,0,11,3,4,42.9,Matches
5,Eseosa Aigbogun,DF,ch Switzerland,30,1993,3.5,0,0,0,4,1,1,8,1,7,0,0,0,30,2,6,25.0,Matches
6,Rasheedat Ajibade,FW,ng Nigeria,23,1999,3.3,0,0,0,4,3,0,21,3,4,0,0,0,20,6,1,85.7,Matches
7,Michelle Alozie,DF,ng Nigeria,26,1997,4.3,1,0,0,5,3,0,7,3,5,0,0,0,18,1,8,11.1,Matches
8,Katherine Alvarado,MF,cr Costa Rica,32,1991,3.0,1,0,0,3,2,0,8,5,3,0,1,0,21,2,4,33.3,Matches
9,Lúcia Alves,DF,pt Portugal,25,1997,1.1,0,0,0,4,3,0,4,1,4,0,0,0,8,2,0,100.0,Matches
10,Catarina Amado,DF,pt Portugal,23,1999,1.8,1,0,0,2,1,0,1,4,6,0,0,0,9,1,0,100.0,Matches
11,Salma Amani,FW,ma Morocco,33,1989,1.2,0,0,0,3,0,0,0,0,3,0,0,0,5,1,7,12.5,Matches
12,Jonna Andersson,DF,se Sweden,30,1993,6.3,0,0,0,7,2,0,33,8,3,0,0,0,36,4,11,26.7,Matches
13,Lady Andrade,FW,co Colombia,31,1992,0.6,0,0,0,2,0,0,0,0,1,0,0,0,4,0,0,,Matches
14,Ivana Andrés,DF,es Spain,28,1994,2.7,0,0,0,2,0,0,0,1,0,0,0,0,14,4,4,50.0,Matches
15,Andressa,FW,br Brazil,30,1992,0.4,0,0,0,0,1,0,4,0,1,0,0,0,2,1,3,25.0,Matches
16,Filippa Angeldahl,MF,se Sweden,25,1997,5.8,0,0,0,13,6,0,4,7,10,0,0,0,49,4,9,30.8,Matches
17,Nguyễn Thị Mỹ Anh,"DF,MF",vn Vietnam,28,1994,1.0,0,0,0,0,1,0,3,0,2,0,0,0,6,1,1,50.0,Matches
18,Tahnai Annis,DF,ph Philippines,33,1989,0.2,0,0,0,1,0,0,0,0,0,0,0,0,3,1,1,50.0,Matches
19,Antônia,DF,br Brazil,29,1994,2.5,0,0,0,4,1,0,10,6,6,0,0,0,16,3,1,75.0,Matches
20,Nicole Anyomi,FW,de Germany,23,2000,0.5,1,0,0,1,0,0,2,0,1,0,0,0,6,0,1,0.0,Matches
21,Carolina Arias,DF,co Colombia,32,1990,4.1,1,0,0,2,2,2,2,7,4,0,0,0,37,3,5,37.5,Matches
22,Daniela Arias,DF,co Colombia,28,1994,5.0,1,0,0,6,1,0,0,5,12,0,1,0,29,16,9,64.0,Matches
23,Mackenzie Arnold,GK,au Australia,29,1994,7.3,1,0,0,0,3,0,0,0,0,0,0,0,6,3,0,100.0,Matches
24,Ary Borges,MF,br Brazil,23,1999,2.3,0,0,0,0,6,0,7,0,4,0,0,0,13,5,5,50.0,Matches
25,Kosovare Asllani,MF,se Sweden,33,1989,5.1,1,0,0,11,8,0,17,2,7,0,0,0,32,2,11,15.4,Matches
26,Viviane Asseyi,"FW,MF",fr France,29,1993,0.5,0,0,0,2,1,1,1,0,4,0,0,0,4,1,1,50.0,Matches
27,Izzy Atkinson,"MF,DF",ie Rep. of Ireland,21,2001,0.3,0,0,0,1,0,0,3,1,0,0,0,0,3,0,0,,Matches
28,Rosella Ayane,FW,ma Morocco,27,1996,1.5,0,0,0,2,2,2,0,0,0,0,0,0,7,1,2,33.3,Matches
29,Halimatu Ayinde,MF,ng Nigeria,28,1995,2.8,0,0,0,4,4,0,0,2,6,0,0,0,15,2,3,40.0,Matches
30,Selma Bacha,MF,fr France,22,2000,3.8,0,0,0,2,10,0,36,4,8,0,0,0,30,3,0,100.0,Matches
31,Ramona Bachmann,"MF,FW",ch Switzerland,32,1990,3.7,1,0,0,6,4,0,10,0,4,0,0,0,16,1,3,25.0,Matches
32,Najat Badri,MF,ma Morocco,35,1988,0.2,0,0,0,1,1,0,0,0,0,0,0,0,6,0,0,,Matches
33,Jill Baijings,FW,nl Netherlands,22,2001,0.0,0,0,0,0,0,0,0,0,0,0,0,0,0,0,0,,Matches
34,Yenith Bailey,GK,pa Panama,22,2001,3.0,0,0,0,0,2,0,0,0,0,0,0,0,3,1,0,100.0,Matches
35,Stine Ballisager Pedersen,DF,dk Denmark,29,1994,2.8,0,0,0,2,0,0,0,2,2,0,0,0,20,5,3,62.5,Matches
36,Carina Baltrip-Reyes,DF,pa Panama,24,1998,3.0,0,0,0,0,0,0,0,5,5,0,0,0,12,3,3,50.0,Matches
37,Barbra Banda,FW,zm Zambia,23,2000,3.0,1,0,0,6,5,3,7,0,3,1,0,0,10,6,4,60.0,Matches
38,Susan Banda,MF,zm Zambia,28,1995,2.4,0,0,0,5,0,0,5,1,3,0,0,0,18,2,5,28.6,Matches
39,Estefanía Banini,"MF,FW",ar Argentina,32,1990,3.0,0,0,0,1,7,0,4,2,3,0,0,0,26,0,2,0.0,Matches
40,Alicia Barker,DF,ph Philippines,25,1998,2.4,0,0,0,1,1,0,1,6,2,0,0,1,8,2,2,50.0,Matches
41,Amber Barrett,FW,ie Rep. of Ireland,27,1996,0.3,0,0,0,1,0,0,0,0,0,0,0,0,0,0,0,,Matches
42,Elisa Bartoli,DF,it Italy,32,1991,0.3,0,0,0,0,1,0,0,0,3,0,0,0,5,0,1,0.0,Matches
43,Ona Batlle,DF,es Spain,24,1999,6.8,0,0,0,5,2,0,26,12,18,0,0,0,66,7,6,53.8,Matches
44,Angela Beard,DF,ph Philippines,25,1997,3.0,1,0,0,1,2,0,8,2,3,0,0,0,16,2,6,25.0,Matches
45,Beatriz,"FW,MF",br Brazil,29,1993,1.3,0,0,0,1,2,0,1,0,3,0,0,0,5,4,2,66.7,Matches
46,Chiara Beccari,FW,it Italy,18,2004,2.7,0,0,0,1,7,0,1,2,0,1,0,0,7,9,7,56.3,Matches
47,Vicki Bècho,"MF,FW",fr France,19,2003,2.5,0,0,0,2,4,0,15,1,6,0,0,0,13,3,6,33.3,Matches
48,Lorena Bedoya,MF,co Colombia,25,1997,4.9,1,0,0,4,5,0,2,5,13,0,0,0,52,13,13,50.0,Matches
49,Lineth Beerensteyn,FW,nl Netherlands,26,1996,3.3,0,0,0,2,6,3,2,0,0,0,0,0,9,6,9,40.0,Matches
50,Margaret Belemu,DF,zm Zambia,26,1997,3.0,0,0,0,1,3,0,4,3,4,0,0,0,37,2,2,50.0,Matches
51,Mariana Benavides,DF,cr Costa Rica,28,1994,3.0,1,0,0,1,1,0,0,4,1,0,0,0,11,1,2,33.3,Matches
52,Lorena Benítez,MF,ar Argentina,24,1998,1.5,0,0,0,0,1,0,1,1,1,0,0,0,12,0,2,0.0,Matches
53,Hanna Bennison,MF,se Sweden,20,2002,1.6,0,0,0,1,1,0,2,1,1,0,0,0,10,0,2,0.0,Matches
54,Nouhaila Benzina,DF,ma Morocco,25,1998,3.0,1,0,0,3,2,0,0,9,0,0,0,0,26,4,8,33.3,Matches
55,Guro Bergsvand,DF,no Norway,29,1994,0.1,0,0,0,0,0,0,0,0,0,0,0,0,3,0,0,,Matches
56,Kholosa Biyana,MF,za South Africa,28,1994,2.3,2,0,0,9,1,0,5,1,6,0,0,0,26,3,4,42.9,Matches
57,Thea Bjelde,DF,no Norway,23,2000,3.7,0,0,0,1,1,0,3,9,7,0,0,0,15,1,3,25.0,Matches
58,Nathalie Björn,DF,se Sweden,26,1997,6.3,0,0,0,6,1,1,7,4,13,0,0,0,57,6,7,46.2,Matches
59,Stina Blackstenius,FW,se Sweden,27,1996,5.5,0,0,0,3,6,3,4,0,2,1,0,0,13,9,8,52.9,Matches
60,Deneisha Blackwood,DF,jm Jamaica,26,1997,4.0,1,0,0,3,1,0,16,8,7,0,0,0,35,3,2,60.0,Matches
61,Julie Blakstad,FW,no Norway,21,2001,0.6,0,0,0,3,1,1,2,1,1,0,0,0,3,2,4,33.3,Matches
62,Rebecka Blomqvist,FW,se Sweden,25,1997,1.8,0,0,0,4,6,0,1,0,0,1,0,0,2,1,4,20.0,Matches
63,Lisa Boattin,DF,it Italy,26,1997,3.0,0,0,0,4,7,1,11,8,5,0,0,0,34,5,5,50.0,Matches
64,Sarina Bolden,FW,ph Philippines,26,1996,2.6,0,0,0,2,2,1,1,2,2,0,0,0,10,7,11,38.9,Matches
65,Barbara Bonansea,FW,it Italy,32,1991,2.3,1,0,0,3,5,0,5,2,3,0,0,0,11,7,3,70.0,Matches
66,Aitana Bonmatí,MF,es Spain,25,1998,6.5,0,0,0,4,2,0,12,3,7,0,0,0,51,5,4,55.6,Matches
67,Florencia Bonsegundo,"FW,MF",ar Argentina,29,1993,2.4,1,0,0,6,10,0,3,4,2,0,0,0,14,3,2,60.0,Matches
68,Roselord Borgella,"FW,MF",ht Haiti,30,1993,2.1,0,0,0,1,1,0,3,1,0,0,0,0,4,6,8,42.9,Matches
69,Ana Borges,DF,pt Portugal,32,1990,3.0,1,0,0,5,1,0,4,6,7,0,0,0,38,3,1,75.0,Matches
70,CJ Bott,DF,nz New Zealand,28,1995,3.0,0,0,0,2,5,0,11,4,9,0,0,0,26,11,3,78.6,Matches
71,Sofia Bouftini,MF,ma Morocco,21,2002,0.4,0,0,0,1,0,0,1,2,1,0,0,0,6,0,0,,Matches
72,Katie Bowen,DF,nz New Zealand,29,1994,3.0,0,0,0,0,3,0,3,4,2,0,0,0,37,5,6,45.5,Matches
73,Simone Boye Sørensen,DF,dk Denmark,31,1992,4.0,0,0,0,2,1,1,0,1,3,0,0,0,25,13,6,68.4,Matches
74,Jule Brand,FW,de Germany,20,2002,2.9,0,0,0,6,4,0,2,2,2,0,0,0,16,4,2,66.7,Matches
75,Marit Bratberg Lund,DF,no Norway,25,1997,0.0,0,0,0,0,0,0,0,0,0,0,0,0,2,0,0,,Matches
76,Sophia Braun,"MF,DF",ar Argentina,23,2000,3.0,0,0,0,2,3,0,2,5,6,0,0,0,20,5,6,45.5,Matches
77,Millie Bright,DF,eng England,29,1993,7.3,0,0,0,4,1,0,0,10,3,0,0,0,38,25,16,61.0,Matches
78,Lucy Bronze,DF,eng England,31,1991,7.1,1,0,0,9,6,1,22,16,12,0,1,0,54,26,13,66.7,Matches
79,Courtney Brosnan,GK,ie Rep. of Ireland,27,1995,3.0,0,0,0,0,0,0,0,0,0,0,0,0,4,1,0,100.0,Matches
80,Jody Brown,MF,jm Jamaica,21,2002,3.7,0,0,0,0,2,0,1,4,5,0,0,0,21,2,8,20.0,Matches
81,Esmee Brugts,FW,nl Netherlands,19,2003,4.8,0,0,0,4,4,2,9,12,8,0,0,0,38,1,1,50.0,Matches
82,Bruninha,DF,br Brazil,20,2002,0.4,0,0,0,0,0,0,2,0,2,0,0,0,4,0,0,,Matches
83,Signe Bruun,FW,dk Denmark,25,1998,0.9,0,0,0,3,2,0,0,1,0,0,0,0,5,3,3,50.0,Matches
84,Kadeisha Buchanan,DF,ca Canada,27,1995,2.5,1,0,0,1,5,0,0,7,1,0,0,0,24,5,3,62.5,Matches
85,Ryley Bugay,"MF,DF",ph Philippines,27,1996,0.3,0,0,0,0,0,0,0,0,0,0,0,0,2,3,1,75.0,Matches
86,Klara Bühl,FW,de Germany,22,2000,2.2,0,0,0,1,0,2,20,2,1,0,0,0,18,0,3,0.0,Matches
87,Luana Bühler,DF,ch Switzerland,27,1996,1.0,0,0,0,0,0,0,0,1,2,0,0,0,10,1,3,25.0,Matches
88,Claudia Bunge,DF,nz New Zealand,23,1999,0.6,0,0,0,0,1,0,0,0,0,0,0,0,2,3,3,50.0,Matches
89,Vilde Bøe Risa,MF,no Norway,27,1995,2.8,1,0,0,1,1,0,5,1,1,0,0,0,36,9,4,69.2,Matches
90,Linda Caicedo,FW,co Colombia,18,2005,5.0,0,0,0,0,10,3,7,4,2,0,0,0,43,0,1,0.0,Matches
91,Mariona Caldentey,FW,es Spain,27,1996,5.0,0,0,0,3,3,0,12,3,8,0,0,0,45,3,1,75.0,Matches
92,Diane Caldwell,DF,ie Rep. of Ireland,34,1988,0.0,0,0,0,0,0,0,0,0,0,0,0,0,0,0,0,,Matches
93,Viola Calligaris,"DF,MF",ch Switzerland,27,1996,0.6,0,0,0,1,2,0,0,6,3,0,0,0,6,0,0,,Matches
94,Tiffany Cameron,"DF,MF",jm Jamaica,31,1991,1.7,0,0,0,2,0,0,5,2,3,0,0,0,18,3,4,42.9,Matches
95,Sofia Cantore,FW,it Italy,23,1999,1.3,0,0,0,2,5,0,2,0,0,0,0,0,5,1,1,50.0,Matches
96,Ana Capeta,"FW,MF",pt Portugal,25,1997,0.3,0,0,0,0,1,0,3,0,0,0,0,0,2,0,0,,Matches
97,Jorelyn Carabalí,DF,co Colombia,26,1997,5.0,0,0,0,3,1,1,0,6,4,0,0,0,44,8,13,38.1,Matches
98,Olga Carmona,DF,es Spain,23,2000,4.8,1,0,0,5,9,1,17,9,7,1,0,0,40,6,7,46.2,Matches
99,Ellie Carpenter,DF,au Australia,23,2000,7.1,0,0,0,4,4,1,20,8,7,0,0,0,52,7,6,53.8,Matches
100,Jess Carter,DF,eng England,25,1997,6.3,0,0,0,2,5,0,2,6,11,0,0,0,48,7,9,43.8,Matches
101,Trudi Carter,MF,jm Jamaica,28,1994,1.4,0,0,0,6,2,1,10,2,2,0,0,0,4,1,3,25.0,Matches
102,Kyra Carusa,FW,ie Rep. of Ireland,27,1995,2.7,0,0,0,4,2,1,1,0,2,0,0,0,7,6,8,42.9,Matches
103,Arianna Caruso,MF,it Italy,23,1999,2.3,1,0,0,4,3,1,1,4,0,0,0,0,16,5,1,83.3,Matches
104,Estelle Cascarino,DF,fr France,26,1997,2.1,0,0,0,4,0,0,2,4,3,0,0,0,19,2,5,28.6,Matches
105,Kerstin Casparij,"FW,DF",nl Netherlands,22,2000,0.8,0,0,0,3,1,0,3,0,2,0,0,0,8,0,0,,Matches
106,Katherine Castillo,DF,pa Panama,27,1996,2.0,0,0,0,1,0,0,7,4,3,0,0,0,16,0,1,0.0,Matches
107,Steph Catley,DF,au Australia,29,1994,7.3,0,0,0,5,5,0,50,6,4,0,0,0,36,10,7,58.8,Matches
108,Emily Cedeño,"FW,MF",pa Panama,19,2003,2.0,1,0,0,1,4,0,4,0,4,0,0,0,13,1,2,33.3,Matches
109,Lineth Cedeño,FW,pa Panama,22,2000,1.3,0,0,0,0,2,2,0,0,1,0,0,0,8,4,3,57.1,Matches
110,Valentina Cernoia,MF,it Italy,31,1991,0.2,0,0,0,1,1,0,1,0,2,0,0,0,3,0,0,,Matches
111,Noxolo Cesane,MF,za South Africa,22,2000,0.6,0,0,0,3,0,0,0,0,1,0,0,0,5,0,1,0.0,Matches
112,Ivonne Chacón,"MF,FW",co Colombia,25,1997,0.2,0,0,0,2,0,0,0,0,0,0,0,0,0,0,2,0.0,Matches
113,Nesryne El Chad,DF,ma Morocco,20,2003,3.1,0,0,0,0,1,0,1,4,2,0,0,0,24,4,8,33.3,Matches
114,Kang Chae-rim,"FW,MF",kr Korea Republic,25,1998,0.3,0,0,0,1,0,0,1,0,2,0,0,0,2,1,0,100.0,Matches
115,Olivia Chance,"FW,MF",nz New Zealand,29,1993,1.0,0,0,0,1,0,0,10,0,0,0,0,0,8,0,0,,Matches
116,Hellen Chanda,MF,zm Zambia,24,1998,1.0,0,0,0,3,0,0,0,0,3,0,0,0,5,1,1,50.0,Matches
117,Allysha Chapman,DF,ca Canada,34,1989,0.7,0,0,0,1,0,0,3,1,0,0,0,0,5,2,0,100.0,Matches
118,Niamh Charles,"DF,MF",eng England,23,1999,0.2,0,0,0,0,0,0,1,0,0,0,0,0,2,0,0,,Matches
119,Gabriela Chávez,DF,ar Argentina,34,1989,0.2,0,0,0,2,0,0,0,2,0,0,1,0,0,0,0,,Matches
120,Ghizlane Chebbak,MF,ma Morocco,32,1990,4.0,1,0,0,6,4,0,14,4,6,0,0,0,41,4,5,44.4,Matches
121,Gao Chen,DF,cn China PR,30,1992,0.1,0,0,0,0,0,0,0,0,1,0,0,0,0,0,0,,Matches
122,Wu Chengshu,"FW,MF",cn China PR,26,1996,2.5,0,0,0,2,5,1,0,1,1,0,0,0,16,5,9,35.7,Matches
123,Remina Chiba,MF,jp Japan,24,1999,0.0,0,0,0,0,0,0,0,0,0,0,0,0,0,0,0,,Matches
124,Alex Chidiac,MF,au Australia,24,1999,0.3,0,0,0,0,2,0,1,0,0,0,0,0,0,0,0,,Matches
125,Priscila Chinchilla,"FW,MF",cr Costa Rica,21,2001,3.0,1,0,0,6,5,1,6,2,2,0,0,0,18,1,8,11.1,Matches
126,Avell Chitundu,"MF,FW",zm Zambia,25,1997,1.7,0,0,0,0,0,0,3,2,3,0,0,0,6,2,3,40.0,Matches
127,Lene Christensen,GK,dk Denmark,23,2000,4.0,0,0,0,0,0,0,0,0,0,0,0,0,8,1,0,100.0,Matches
128,Laia Codina,DF,es Spain,23,2000,3.6,0,0,0,4,2,0,0,4,2,0,0,1,24,4,6,40.0,Matches
129,Cata Coll,GK,es Spain,22,2001,4.3,0,0,0,0,2,0,0,0,0,0,0,0,8,1,0,100.0,Matches
130,Aldana Cometti,DF,ar Argentina,27,1996,3.0,0,0,0,4,5,0,0,7,5,0,0,0,24,4,5,44.4,Matches
131,Megan Connolly,DF,ie Rep. of Ireland,26,1997,3.0,0,0,0,0,0,0,8,1,0,0,0,1,17,0,1,0.0,Matches
132,Laura Coombs,MF,eng England,32,1991,1.1,0,0,0,1,1,0,0,0,0,0,0,0,8,1,2,33.3,Matches
133,Kyra Cooney-Cross,MF,au Australia,21,2002,7.3,0,0,0,4,5,0,23,1,10,0,0,0,46,14,8,63.6,Matches
134,Vanina Correa,GK,ar Argentina,39,1983,3.0,0,0,0,0,0,0,0,0,0,0,0,0,0,1,0,100.0,Matches
135,Carole Costa,DF,pt Portugal,33,1990,3.0,1,0,0,1,0,0,2,2,0,0,0,0,24,4,1,80.0,Matches
136,María Coto,"DF,MF",cr Costa Rica,25,1998,3.0,0,0,0,2,5,0,0,3,4,0,0,0,11,13,3,81.3,Matches
137,Jessika Cowart,DF,ph Philippines,23,1999,2.9,0,0,0,2,0,0,0,3,1,0,1,0,22,6,5,54.5,Matches
138,Marta Cox,"MF,FW",pa Panama,25,1997,2.9,0,0,0,4,6,0,15,3,6,0,0,0,23,6,5,54.5,Matches
139,Ana-Maria Crnogorčević,"FW,MF",ch Switzerland,32,1990,4.0,0,0,0,3,2,0,4,1,3,0,0,0,22,16,10,61.5,Matches
140,Julieta Cruz,DF,ar Argentina,27,1996,1.3,0,0,0,0,0,0,0,2,5,0,0,0,3,2,2,50.0,Matches
141,Sara Däbritz,MF,de Germany,28,1995,2.7,0,0,0,2,3,1,3,0,3,0,0,0,15,7,3,70.0,Matches
142,Kenza Dali,MF,fr France,31,1991,3.6,1,0,0,7,2,0,29,5,1,0,0,0,15,3,3,50.0,Matches
143,Rachel Daly,DF,eng England,31,1991,6.0,0,0,0,5,8,0,10,10,8,0,0,0,44,12,7,63.2,Matches
144,Élisa De Almeida,DF,fr France,25,1998,3.3,0,0,0,5,3,0,5,7,7,0,1,0,24,5,2,71.4,Matches
145,Debinha,FW,br Brazil,31,1991,2.6,0,0,0,0,1,2,10,2,1,0,0,0,21,1,2,33.3,Matches
146,Valeria del Campo,DF,cr Costa Rica,23,2000,2.0,1,0,0,1,1,0,1,4,5,0,0,1,12,1,2,33.3,Matches
147,Athenea del Castillo,FW,es Spain,22,2000,0.9,0,0,0,1,1,0,3,0,0,0,0,0,4,1,1,50.0,Matches
148,Blessing Demehin,DF,ng Nigeria,21,2002,4.3,1,0,0,2,0,0,0,2,5,0,0,0,22,2,5,28.6,Matches
149,Savannah Demelo,MF,us USA,25,1998,1.2,0,0,0,3,8,0,9,0,4,0,0,0,14,0,0,,Matches
150,Stefanie van der Gragt,DF,nl Netherlands,30,1992,4.7,0,0,0,4,0,0,0,1,4,0,1,0,32,15,5,75.0,Matches
151,Karabo Dhlamini,DF,za South Africa,21,2001,3.0,0,0,0,2,2,0,6,2,6,0,1,0,21,2,2,50.0,Matches
152,Lucia Di Guglielmo,DF,it Italy,25,1997,2.3,0,0,0,3,0,0,2,5,4,0,0,0,11,2,2,50.0,Matches
153,Kadidiatou Diani,FW,fr France,28,1995,5.0,0,0,0,6,0,4,13,0,6,0,0,0,14,9,19,32.1,Matches
154,Caitlin Dijkstra,"MF,DF",nl Netherlands,24,1999,0.5,0,0,0,1,0,0,0,0,1,0,0,0,7,1,0,100.0,Matches
155,Daphne van Domselaar,GK,nl Netherlands,23,2000,5.3,0,0,0,0,2,0,0,0,0,0,0,0,1,0,0,,Matches
156,Merel van Dongen,FW,nl Netherlands,30,1993,0.1,0,0,0,1,0,0,1,0,0,0,0,0,2,1,0,100.0,Matches
157,Daniëlle van de Donk,MF,nl Netherlands,31,1991,3.2,2,0,0,7,15,0,2,3,4,0,0,0,24,7,8,46.7,Matches
158,Sara Doorsoun,DF,de Germany,31,1991,1.5,0,0,0,0,2,0,0,1,2,0,0,0,14,2,0,100.0,Matches
159,Giulia Dragoni,MF,it Italy,16,2006,2.6,0,0,0,1,0,0,1,5,4,0,0,0,30,0,0,,Matches
160,Melchie Dumornay,MF,ht Haiti,19,2003,2.5,1,0,0,5,9,1,3,2,2,0,0,0,16,5,9,35.7,Matches
161,Nguyễn Thị Tuyết Dung,MF,vn Vietnam,29,1993,0.8,0,0,0,0,2,0,0,2,1,0,0,0,5,0,2,0.0,Matches
162,Crystal Dunn,DF,us USA,30,1992,4.2,0,0,0,3,5,0,6,9,8,0,0,0,40,8,3,72.7,Matches
163,Solène Durand,GK,fr France,28,1994,0.0,0,0,0,0,1,0,0,0,0,0,0,0,0,0,0,,Matches
164,Francesca Durante,GK,it Italy,26,1997,3.0,0,0,0,0,3,0,0,0,0,0,0,0,6,4,1,80.0,Matches
165,Mary Earps,GK,eng England,30,1993,7.3,0,0,0,0,0,0,0,0,0,0,0,0,8,1,0,100.0,Matches
166,Onome Ebi,"DF,MF",ng Nigeria,40,1983,0.1,0,0,0,0,0,0,0,0,0,0,0,0,1,0,0,,Matches
167,Jennifer Echegini,"MF,FW",ng Nigeria,22,2001,0.5,0,0,0,1,1,0,0,0,0,0,0,0,4,1,1,50.0,Matches
168,Sara Eggesvik,MF,ph Philippines,26,1997,2.5,0,0,0,4,4,0,3,3,4,0,0,0,14,3,1,75.0,Matches
169,Emily van Egmond,"FW,MF",au Australia,29,1993,4.0,1,0,0,0,3,0,1,6,2,0,0,0,19,8,17,32.0,Matches
170,Damaris Egurrola,MF,nl Netherlands,23,1999,1.9,1,0,0,8,0,0,0,12,1,0,0,0,30,22,12,64.7,Matches
171,Amalie Eikeland,FW,no Norway,27,1995,0.6,0,0,0,2,2,2,1,0,0,0,0,0,4,0,0,,Matches
172,María Elizondo,"DF,MF",cr Costa Rica,24,1998,1.6,0,0,0,1,0,0,0,2,2,0,0,0,3,0,0,,Matches
173,Roseline Éloissaint,FW,ht Haiti,24,1999,1.4,0,0,0,0,1,1,3,2,2,0,0,0,11,1,3,25.0,Matches
174,Telma Encarnação,FW,pt Portugal,21,2001,1.1,0,0,0,0,0,0,2,0,2,0,0,0,2,3,1,75.0,Matches
175,Jun Endō,"MF,DF",jp Japan,23,2000,3.3,0,0,0,1,2,1,17,5,8,0,0,0,31,0,2,0.0,Matches
176,Bethany England,"FW,MF",eng England,29,1994,0.6,0,0,0,0,2,0,0,1,1,0,0,0,3,3,3,50.0,Matches
177,Khadija Er-Rmichi,GK,ma Morocco,33,1989,4.0,0,0,0,0,1,0,0,0,0,0,0,0,2,2,0,100.0,Matches
178,Magdalena Eriksson,DF,se Sweden,29,1993,7.3,0,0,0,8,1,0,0,6,4,0,0,0,39,12,4,75.0,Matches
179,Julie Ertz,DF,us USA,31,1992,4.3,1,0,0,2,2,0,5,1,2,0,0,0,29,9,8,52.9,Matches
180,Rebeca Espinosa,DF,pa Panama,30,1992,0.3,0,0,0,0,0,0,0,0,0,0,0,0,4,0,0,,Matches
181,Victoria Esson,GK,nz New Zealand,32,1991,3.0,0,0,0,0,0,0,0,0,0,0,0,0,5,2,0,100.0,Matches
182,Dani Étienne,MF,ht Haiti,22,2001,0.1,0,0,0,0,0,0,0,0,0,0,0,0,2,0,1,0.0,Matches
183,Jeon Eun-ha,FW,kr Korea Republic,30,1993,0.2,0,0,0,1,0,0,1,0,1,0,0,0,2,0,0,,Matches
184,Park Eun-sun,"FW,MF",kr Korea Republic,36,1986,1.3,0,0,0,0,1,1,0,0,1,0,0,0,5,17,9,65.4,Matches
185,Niamh Fahey,DF,ie Rep. of Ireland,35,1987,3.0,0,0,0,2,1,0,0,2,0,0,0,0,21,3,6,33.3,Matches
186,Daiana Falfán,MF,ar Argentina,22,2000,1.9,0,0,0,1,2,0,0,2,0,0,0,0,16,3,2,60.0,Matches
187,Jennifer Falk,GK,se Sweden,30,1993,1.0,0,0,0,0,0,0,0,0,0,0,0,0,3,0,0,,Matches
188,Sinead Farrelly,"FW,MF",ie Rep. of Ireland,33,1989,2.4,0,0,0,2,4,1,2,1,4,0,0,0,13,6,6,50.0,Matches
189,Laurina Fazer,MF,fr France,19,2003,0.3,0,0,0,1,0,0,0,0,2,0,0,0,2,2,0,100.0,Matches
190,Naomie Feller,FW,fr France,21,2001,0.1,0,0,0,0,0,0,0,0,0,0,0,0,0,0,0,,Matches
191,Isabella Flanigan,"MF,FW",ph Philippines,18,2005,1.2,0,0,0,0,1,0,1,1,1,0,0,0,2,0,2,0.0,Matches
192,Jessie Fleming,MF,ca Canada,25,1998,2.0,0,0,0,3,2,0,18,3,4,0,1,0,23,6,9,40.0,Matches
193,Caitlin Foord,"MF,FW",au Australia,28,1994,7.3,1,0,0,8,5,2,13,1,5,0,0,0,28,10,14,41.7,Matches
194,Mary Fowler,FW,au Australia,20,2003,6.3,0,0,0,5,7,0,3,1,9,0,0,0,29,4,9,30.8,Matches
195,Emily Fox,DF,us USA,24,1998,4.2,0,0,0,3,5,1,9,5,2,0,0,0,31,4,6,40.0,Matches
196,Laura Freigang,MF,de Germany,25,1998,0.1,0,0,0,0,0,0,0,0,0,0,0,0,1,1,1,50.0,Matches
197,Carleigh Frilles,FW,ph Philippines,21,2002,0.1,0,0,0,0,0,1,0,1,0,0,0,0,2,0,0,,Matches
198,Merle Frohms,GK,de Germany,28,1995,3.0,0,0,0,0,1,0,0,0,0,0,0,0,4,1,0,100.0,Matches
199,Aoba Fujino,"FW,MF",jp Japan,19,2004,4.0,0,0,0,1,6,4,21,8,2,0,0,0,28,2,0,100.0,Matches
200,Chun Ga-ram,MF,kr Korea Republic,20,2002,0.7,0,0,0,0,1,0,3,1,4,0,0,0,6,0,0,,Matches
201,Gabi Nunes,FW,br Brazil,26,1997,0.4,0,0,0,0,1,0,0,0,0,0,0,0,1,0,1,0.0,Matches
202,Rocío Gálvez,DF,es Spain,26,1997,1.0,0,0,0,3,1,0,1,0,0,0,0,0,3,2,0,100.0,Matches
203,Bongeka Gamede,"MF,DF",za South Africa,24,1999,4.0,0,0,0,5,1,0,0,9,12,0,0,0,30,6,9,40.0,Matches
204,Mille Gejl,"FW,MF",dk Denmark,23,1999,0.6,0,0,0,0,1,0,0,0,2,0,0,0,7,0,1,0.0,Matches
205,Lee Geum-min,"MF,FW",kr Korea Republic,29,1994,2.0,0,0,0,0,3,1,3,2,4,0,0,0,11,8,5,61.5,Matches
206,Luna Gevitz,DF,dk Denmark,29,1994,0.0,0,0,0,1,0,0,0,0,0,0,0,0,0,0,0,,Matches
207,Grace Geyoro,MF,fr France,25,1997,4.8,0,0,0,5,3,3,1,1,9,0,0,0,46,3,6,33.3,Matches
208,Geyse,"FW,MF",br Brazil,25,1998,1.1,0,0,0,3,1,1,4,0,0,0,0,0,7,1,1,50.0,Matches
209,Valentina Giacinti,FW,it Italy,29,1994,2.0,0,0,0,5,1,1,3,0,0,0,0,0,4,2,5,28.6,Matches
210,Vanessa Gilles,DF,ca Canada,27,1996,3.0,1,0,0,2,1,0,1,5,1,0,0,0,23,20,13,60.6,Matches
211,Natalia Giraldo,GK,co Colombia,20,2003,0.3,0,0,0,0,0,0,0,0,0,0,0,0,1,0,0,,Matches
212,Cristiana Girelli,MF,it Italy,33,1990,0.4,0,0,0,1,0,1,0,1,0,0,0,0,4,9,2,81.8,Matches
213,Naomi Girma,DF,us USA,23,2000,4.3,1,0,0,1,3,0,3,3,3,0,0,0,33,6,0,100.0,Matches
214,Manuela Giugliano,MF,it Italy,25,1997,3.0,0,0,0,2,0,0,6,7,7,0,0,0,26,1,1,50.0,Matches
215,Benedetta Glionna,DF,it Italy,23,1999,0.0,0,0,0,0,0,0,0,0,0,0,0,0,0,1,0,100.0,Matches
216,Diana Gomes,DF,pt Portugal,24,1998,2.0,2,0,0,2,0,0,0,4,1,0,0,0,16,6,2,75.0,Matches
217,Camila Gómez Ares,MF,ar Argentina,28,1994,0.8,1,0,0,1,3,0,0,0,2,0,0,0,3,0,1,0.0,Matches
218,Esther González,FW,es Spain,30,1992,2.6,0,0,0,1,3,1,3,0,0,0,0,0,9,5,4,55.6,Matches
219,Schiandra González,MF,pa Panama,27,1995,2.2,0,0,0,0,1,0,0,0,2,0,0,0,18,1,4,20.0,Matches
220,Katrina Gorry,MF,au Australia,30,1992,6.9,2,0,0,11,10,0,15,9,17,1,0,0,81,9,7,56.3,Matches
221,Caroline Graham Hansen,FW,no Norway,28,1995,3.3,0,0,0,2,1,1,20,2,5,0,0,0,23,1,3,25.0,Matches
222,Paulina Gramaglia,FW,ar Argentina,20,2003,0.7,0,0,0,1,0,0,1,0,1,0,0,0,2,3,1,75.0,Matches
223,Cristín Granados,MF,cr Costa Rica,33,1989,1.1,0,0,0,1,1,0,0,1,0,0,0,0,6,1,0,100.0,Matches
224,Charlotte Grant,MF,au Australia,21,2001,0.0,0,0,0,0,0,0,0,0,0,0,0,0,2,0,1,0.0,Matches
225,Alex Greenwood,DF,eng England,29,1993,7.3,1,0,0,3,2,0,32,13,11,0,0,0,38,12,11,52.2,Matches
226,Giada Greggi,"MF,FW",it Italy,23,2000,0.8,0,0,0,0,1,0,1,0,1,0,0,0,4,0,2,0.0,Matches
227,Jackie Groenen,MF,nl Netherlands,28,1994,5.0,0,0,0,13,5,0,0,7,7,0,0,0,52,3,2,60.0,Matches
228,Julia Grosso,MF,ca Canada,22,2000,1.9,0,0,0,0,0,0,1,3,4,0,0,0,16,1,0,100.0,Matches
229,Irene Guerrero,MF,es Spain,26,1996,0.9,0,0,0,1,0,0,4,3,1,0,0,0,13,3,5,37.5,Matches
230,Gabriela Guillén,MF,cr Costa Rica,31,1992,0.5,0,0,0,1,0,0,0,0,0,0,0,0,1,1,1,50.0,Matches
231,Katrina Guillou,"FW,MF",ph Philippines,29,1993,3.0,1,0,0,3,4,1,1,5,3,0,0,0,17,4,5,44.4,Matches
232,Ana María Guzmán,DF,co Colombia,18,2005,1.9,0,0,0,1,1,1,6,1,7,0,0,0,9,2,1,66.7,Matches
233,Emilie Haavi,FW,no Norway,30,1992,2.8,1,0,0,2,6,0,14,3,1,0,0,0,9,4,2,66.7,Matches
234,Chantal Hagel,DF,de Germany,24,1998,2.0,0,0,0,0,1,0,15,1,2,0,0,0,20,0,0,,Matches
235,Phạm Hải Yến,FW,vn Vietnam,28,1994,1.0,0,0,0,2,0,0,0,0,1,0,0,0,5,1,6,14.3,Matches
236,Wu Haiyan,DF,cn China PR,30,1993,0.2,0,0,0,1,0,0,1,1,2,0,0,0,0,0,0,,Matches
237,Hanane Aït El Haj,DF,ma Morocco,28,1994,4.0,1,0,0,7,0,0,6,8,10,0,0,1,25,3,3,50.0,Matches
238,Maika Hamano,DF,jp Japan,19,2004,0.0,0,0,0,0,0,0,0,0,0,0,0,0,0,0,0,,Matches
239,Jacqui Hand,FW,nz New Zealand,24,1999,3.0,0,0,0,0,3,0,8,1,1,0,0,0,13,3,8,27.3,Matches
240,Tuva Hansen,DF,no Norway,25,1997,3.6,0,0,0,1,0,1,6,7,2,0,1,0,27,2,1,66.7,Matches
241,Pernille Harder,"MF,FW",dk Denmark,30,1992,4.0,0,0,0,4,4,4,4,0,3,0,0,0,12,9,14,39.1,Matches
242,Sofia Harrison,DF,ph Philippines,24,1999,2.1,1,1,0,2,1,0,3,6,2,0,0,0,6,6,1,85.7,Matches
243,Mathilde Harviken,DF,no Norway,21,2001,3.9,0,0,0,2,1,0,1,5,1,0,0,0,30,3,6,33.3,Matches
244,Josefine Hasbo,MF,dk Denmark,21,2001,2.1,0,0,0,2,2,0,0,7,8,0,0,0,21,1,4,20.0,Matches
245,Yui Hasegawa,MF,jp Japan,26,1997,4.4,0,0,0,1,3,0,12,8,4,0,0,0,62,0,4,0.0,Matches
246,Betsy Hassett,MF,nz New Zealand,32,1990,1.8,0,0,0,0,1,1,5,2,3,0,0,0,17,3,3,50.0,Matches
247,Honoka Hayashi,MF,jp Japan,25,1998,1.9,0,0,0,0,0,0,1,5,3,0,0,0,18,2,2,50.0,Matches
248,Ada Hegerberg,FW,no Norway,27,1995,1.2,0,0,0,3,0,1,1,0,0,0,0,0,2,3,6,33.3,Matches
249,Marina Hegering,DF,de Germany,33,1990,1.0,1,0,0,1,0,0,0,2,1,0,0,0,9,3,1,75.0,Matches
250,Lauren Hemp,FW,eng England,22,2000,5.8,2,0,0,9,4,2,14,1,2,0,0,0,21,6,10,37.5,Matches
251,Kathrin Hendrich,DF,de Germany,31,1992,3.0,0,0,0,2,4,0,4,2,2,0,0,0,21,6,5,54.5,Matches
252,Jennifer Hermoso,"MF,FW",es Spain,33,1990,7.2,0,0,0,4,11,2,13,4,6,0,0,0,39,7,11,38.9,Matches
253,Erika Hernández,FW,pa Panama,24,1999,0.4,0,0,0,0,2,0,0,1,0,0,0,0,4,0,0,,Matches
254,Oihane Hernández,"DF,FW",es Spain,23,2000,3.4,2,0,0,4,2,0,13,3,11,0,0,0,31,2,5,28.6,Matches
255,Melissa Herrera,"FW,MF",cr Costa Rica,26,1996,3.0,0,0,0,9,1,1,13,4,1,0,0,0,22,2,6,25.0,Matches
256,Karen Holmgaard,MF,dk Denmark,24,1999,3.7,1,0,0,6,4,0,0,7,6,0,0,0,34,15,7,68.2,Matches
257,Sibulele Holweni,"DF,MF",za South Africa,22,2001,1.4,0,0,0,3,1,0,1,4,4,0,0,0,7,1,4,20.0,Matches
258,Lindsey Horan,MF,us USA,29,1994,4.3,1,0,0,4,3,0,4,10,3,0,0,0,33,25,11,69.4,Matches
259,Xu Huan,GK,cn China PR,24,1999,1.0,0,0,0,0,1,0,0,0,0,0,0,0,2,0,1,0.0,Matches
260,Sofia Huerta,DF,us USA,30,1992,0.1,0,0,0,0,0,0,2,0,0,0,0,0,1,0,0,,Matches
261,Jordyn Huitema,FW,ca Canada,22,2001,2.5,0,0,0,1,6,0,7,5,2,0,0,0,10,12,6,66.7,Matches
262,Fabienne Humm,FW,ch Switzerland,36,1986,0.2,0,0,0,1,0,0,0,0,1,0,0,0,0,0,1,0.0,Matches
263,Clare Hunt,DF,au Australia,24,1999,7.3,0,0,0,2,1,0,2,5,7,0,1,0,54,24,11,68.6,Matches
264,Lina Hurtig,"FW,MF",se Sweden,27,1995,1.3,1,0,0,3,1,0,1,3,1,0,0,0,4,9,4,69.2,Matches
265,Svenja Huth,DF,de Germany,32,1991,3.0,0,0,0,3,2,0,12,6,7,0,0,0,30,3,4,42.9,Matches
266,Son Hwa-yeon,FW,kr Korea Republic,26,1997,1.2,0,0,0,4,3,1,2,0,3,0,0,0,6,3,1,75.0,Matches
267,Hong Hye-ji,DF,kr Korea Republic,26,1996,0.9,0,0,0,0,1,1,0,1,0,0,0,0,2,0,0,,Matches
268,Kim Hye-ri,DF,kr Korea Republic,32,1990,3.0,0,0,0,4,4,0,12,4,5,0,0,0,21,1,5,16.7,Matches
269,Choo Hyo-joo,"DF,FW",kr Korea Republic,22,2000,2.5,0,0,0,1,3,0,3,3,7,0,0,0,11,4,5,44.4,Matches
270,Sara Hørte,MF,no Norway,22,2000,0.0,0,0,0,0,0,0,0,0,0,0,0,0,0,2,1,66.7,Matches
271,Amanda Ilestedt,DF,se Sweden,30,1993,7.0,0,0,0,2,1,0,0,8,9,0,0,0,46,13,10,56.5,Matches
272,Dalila Ippólito,MF,ar Argentina,21,2002,0.2,0,0,0,0,0,0,0,0,1,0,0,0,6,0,0,,Matches
273,Rion Ishikawa,DF,jp Japan,19,2003,1.0,0,0,0,0,1,0,0,1,0,0,0,0,8,0,0,,Matches
274,Andreia Jacinto,MF,pt Portugal,21,2002,1.4,0,0,0,1,1,0,3,0,0,0,0,0,9,2,4,33.3,Matches
275,Hilary Jaén,DF,pa Panama,20,2002,1.5,0,0,0,1,0,0,2,1,1,0,0,0,10,2,5,28.6,Matches
276,Sofia Jakobsson,"FW,MF",se Sweden,33,1990,1.5,0,0,0,7,1,1,8,1,6,0,0,0,12,3,1,75.0,Matches
277,Grace Jale,"FW,MF",nz New Zealand,24,1999,0.3,0,0,0,0,0,0,1,0,1,0,0,0,2,3,0,100.0,Matches
278,Lauren James,"MF,FW",eng England,21,2001,3.7,0,1,0,3,5,0,8,0,4,0,0,0,33,4,5,44.4,Matches
279,Refiloe Jane,MF,za South Africa,30,1992,1.3,1,0,0,2,0,0,0,4,1,0,0,0,19,1,2,33.3,Matches
280,Madelen Janogy,MF,se Sweden,27,1995,1.5,0,0,0,4,2,0,6,1,3,0,1,0,6,0,4,0.0,Matches
281,Renate Jansen,FW,nl Netherlands,32,1990,0.0,0,0,0,0,0,0,0,0,0,0,0,0,0,0,0,,Matches
282,Dominique Janssen,DF,nl Netherlands,28,1995,5.3,0,0,0,0,0,0,5,6,6,0,0,0,45,14,2,87.5,Matches
283,Sherly Jeudy,MF,ht Haiti,24,1998,3.0,0,0,0,0,3,0,12,2,4,0,0,0,18,1,4,20.0,Matches
284,Lou Jiahui,FW,cn China PR,32,1991,2.2,0,0,0,1,0,1,4,2,3,0,0,0,9,3,7,30.0,Matches
285,Tang Jiali,FW,cn China PR,28,1995,0.0,0,0,0,0,0,0,0,0,0,0,0,0,0,0,0,,Matches
286,Dou Jiaxing,DF,cn China PR,23,2000,0.1,0,0,0,0,0,0,0,1,0,0,0,0,2,0,0,,Matches
287,Darlina Joseph,FW,ht Haiti,19,2003,0.0,0,0,0,0,0,0,0,0,0,0,0,0,1,0,0,,Matches
288,Shwendesky Joseph,MF,ht Haiti,25,1997,0.0,0,0,0,0,0,0,0,0,0,0,0,0,0,1,0,100.0,Matches
289,Tabita Joseph,DF,ht Haiti,19,2003,3.0,0,0,0,1,2,0,1,3,4,0,0,0,27,1,2,33.3,Matches
290,Ibtissam Jraïdi,FW,ma Morocco,30,1992,2.8,0,0,0,1,4,0,0,1,0,1,0,0,9,0,5,0.0,Matches
291,Kim Jung-mi,GK,kr Korea Republic,38,1984,2.0,0,0,0,0,1,0,0,0,0,0,0,0,3,1,0,100.0,Matches
292,Anna Jøsendal,FW,no Norway,22,2001,0.1,0,0,0,0,0,0,2,1,0,0,0,0,0,0,0,,Matches
293,Uchenna Kanu,FW,ng Nigeria,25,1997,2.5,0,0,0,3,5,1,6,1,7,0,0,0,20,9,10,47.4,Matches
294,Wieke Kaptein,MF,nl Netherlands,17,2005,0.5,0,0,0,0,1,0,1,0,2,0,0,0,5,0,0,,Matches
295,Sakina Karchaoui,DF,fr France,27,1996,4.3,1,0,0,8,6,0,13,7,4,0,0,0,41,10,2,83.3,Matches
296,Sarah Kassi,"DF,MF",ma Morocco,19,2003,1.5,0,0,0,1,1,0,0,5,6,0,0,0,7,0,1,0.0,Matches
297,Kathellen,DF,br Brazil,27,1996,1.0,0,0,0,0,0,0,0,1,1,0,0,0,9,4,1,80.0,Matches
298,Evarine Katongo,MF,zm Zambia,20,2002,2.6,0,0,0,2,2,0,1,2,3,0,0,0,15,1,3,25.0,Matches
299,Chloe Kelly,FW,eng England,25,1998,3.2,1,0,0,4,5,1,26,2,3,0,0,0,15,3,5,37.5,Matches
300,Alanna Kennedy,DF,au Australia,28,1995,5.3,0,0,0,1,0,0,0,5,2,0,0,0,32,30,23,56.6,Matches
301,Kerolin,MF,br Brazil,23,1999,3.0,0,0,0,1,6,0,0,1,4,0,0,0,30,4,2,66.7,Matches
302,Sam Kerr,FW,au Australia,29,1993,2.9,0,0,0,1,5,2,4,0,0,0,0,0,6,14,13,51.9,Matches
303,Melinda Kgadiete,"FW,MF",za South Africa,30,1992,0.1,0,0,0,0,1,0,0,0,1,0,0,0,0,1,1,50.0,Matches
304,Thembi Kgatlana,FW,za South Africa,27,1996,3.9,0,0,0,11,5,3,6,0,1,0,0,0,9,2,0,100.0,Matches
305,Nomi Kgoale,MF,za South Africa,27,1995,0.9,0,0,0,0,1,0,4,0,1,0,0,0,12,2,0,100.0,Matches
306,Kathrine Kühl,MF,dk Denmark,19,2003,3.4,0,0,0,2,3,0,1,3,6,0,0,0,26,2,3,40.0,Matches
307,Saki Kumagai,DF,jp Japan,32,1990,5.0,0,0,0,2,2,0,0,3,1,0,0,0,21,7,6,53.8,Matches
308,Racheal Kundananji,"MF,FW",zm Zambia,23,2000,3.0,0,0,0,5,4,0,1,3,9,0,0,0,34,2,1,66.7,Matches
309,Cloé Lacasse,FW,ca Canada,29,1993,1.4,0,0,0,0,2,0,5,0,0,0,0,0,17,3,0,100.0,Matches
310,Anissa Lahmari,FW,ma Morocco,26,1997,2.2,0,0,0,1,3,3,1,1,5,0,0,0,11,8,6,57.1,Matches
311,Maëlle Lakrar,DF,fr France,23,2000,4.3,0,0,0,5,1,1,5,6,8,0,0,0,27,13,6,68.4,Matches
312,Abbie Larkin,"FW,MF",ie Rep. of Ireland,18,2005,0.9,0,0,0,0,2,0,5,0,1,0,0,0,4,1,1,50.0,Matches
313,Mariana Larroquette,FW,ar Argentina,30,1992,2.6,1,0,0,2,3,1,1,2,2,0,0,0,15,8,14,36.4,Matches
314,Lena Lattwein,MF,de Germany,23,2000,0.6,0,0,0,2,0,0,1,0,2,0,0,0,3,3,2,60.0,Matches
315,Lauren,DF,br Brazil,20,2002,2.0,0,0,0,0,1,0,0,2,2,0,0,0,11,6,3,66.7,Matches
316,Rose Lavelle,MF,us USA,28,1995,1.8,2,0,0,6,2,1,12,2,3,0,0,0,15,5,7,41.7,Matches
317,Ashley Lawrence,DF,ca Canada,28,1995,3.0,1,0,0,2,1,0,5,0,2,0,0,0,14,2,1,66.7,Matches
318,Léa Le Garrec,MF,fr France,29,1993,1.0,0,0,0,3,0,0,7,2,2,0,0,0,14,0,1,0.0,Matches
319,Eugénie Le Sommer,FW,fr France,34,1989,3.9,0,0,0,4,7,1,3,0,4,0,0,0,26,5,13,27.8,Matches
320,Alisha Lehmann,MF,ch Switzerland,24,1999,0.5,0,0,0,2,0,0,0,0,0,0,0,0,2,0,1,0.0,Matches
321,Stina Lennartsson,DF,se Sweden,26,1997,1.0,0,0,0,5,0,0,1,0,3,0,0,0,8,0,0,,Matches
322,Martina Lenzini,DF,it Italy,24,1998,0.4,0,0,0,0,0,0,1,1,0,0,0,0,0,0,0,,Matches
323,Adriana Leon,FW,ca Canada,30,1992,2.0,0,0,0,1,1,0,13,2,2,0,0,0,8,0,2,0.0,Matches
324,Letícia Izidoro,GK,br Brazil,28,1994,3.0,0,0,0,0,0,0,0,0,0,0,0,0,8,1,0,100.0,Matches
325,Melanie Leupolz,MF,de Germany,29,1994,0.7,0,0,0,0,0,0,1,3,2,0,0,0,5,2,3,40.0,Matches
326,Jennyfer Limage,DF,ht Haiti,25,1997,0.3,0,0,0,0,0,0,0,0,1,0,0,0,0,0,0,,Matches
327,Yang Lina,MF,cn China PR,29,1994,3.0,0,0,0,3,2,1,0,0,5,0,0,0,31,7,7,50.0,Matches
328,Elena Linari,DF,it Italy,29,1994,3.0,0,0,0,1,3,0,0,6,5,0,0,0,29,7,4,63.6,Matches
329,Yao Lingwei,MF,cn China PR,27,1995,1.9,0,0,0,1,0,0,2,2,1,0,0,0,8,1,2,33.3,Matches
330,Trần Thị Hải Linh,MF,vn Vietnam,22,2001,2.3,0,0,0,3,1,0,0,2,2,0,0,0,8,1,7,12.5,Matches
331,Wang Linlin,FW,cn China PR,22,2000,0.0,0,0,0,0,0,0,0,0,0,0,0,0,0,0,0,,Matches
332,Zhang Linyan,"MF,FW",cn China PR,22,2001,3.0,0,0,0,2,8,0,3,2,5,1,0,0,24,1,3,25.0,Matches
333,Ruesha Littlejohn,MF,ie Rep. of Ireland,32,1990,2.7,0,0,0,2,1,0,1,0,4,0,0,0,19,4,3,57.1,Matches
334,Sydney Lohmann,FW,de Germany,22,2000,0.3,0,0,0,0,1,0,2,1,1,0,0,0,6,2,1,66.7,Matches
335,Hali Long,DF,ph Philippines,28,1995,3.0,0,0,0,0,4,0,0,4,1,0,0,0,21,8,6,57.1,Matches
336,Annalie Longo,MF,nz New Zealand,31,1991,1.2,0,0,0,3,0,1,0,2,2,0,0,0,8,1,0,100.0,Matches
337,Érica Lonigro,FW,ar Argentina,28,1994,0.4,0,0,0,1,0,0,0,0,0,0,0,0,0,0,0,,Matches
338,Batcheba Louis,FW,ht Haiti,25,1997,2.7,0,0,0,2,5,2,0,1,6,0,1,0,10,13,10,56.5,Matches
339,Kethna Louis,DF,ht Haiti,26,1996,3.0,0,0,0,2,2,0,4,2,5,0,0,0,28,7,2,77.8,Matches
340,Luana,MF,br Brazil,30,1993,2.7,1,0,0,7,2,0,1,5,6,0,0,0,25,8,3,72.7,Matches
341,Ireen Lungu,MF,zm Zambia,25,1997,1.8,0,0,0,0,2,0,2,2,0,0,0,0,7,0,0,,Matches
342,Frida Maanum,MF,no Norway,23,1999,2.9,0,0,0,4,1,0,7,0,1,0,0,0,14,6,2,75.0,Matches
343,Rikke Madsen,"FW,DF",dk Denmark,25,1997,2.4,0,0,0,2,0,2,4,2,3,0,0,0,18,2,3,40.0,Matches
344,Hildah Magaia,"FW,MF",za South Africa,28,1994,3.6,0,0,0,0,2,1,10,5,3,0,0,0,23,3,6,33.3,Matches
345,Lina Magull,MF,de Germany,28,1994,1.4,0,0,0,0,5,0,1,1,2,0,0,0,9,0,1,0.0,Matches
346,Amel Majri,MF,fr France,30,1993,1.2,0,0,0,2,1,0,16,1,1,0,0,0,8,0,2,0.0,Matches
347,Tiisetso Makhubela,"DF,MF",za South Africa,26,1997,1.0,1,0,0,3,1,0,0,4,0,0,0,0,13,2,3,40.0,Matches
348,Xiomara Mapepa,"MF,FW",zm Zambia,,,1.3,0,0,0,0,1,0,3,1,1,0,0,0,8,0,1,0.0,Matches
349,Joana Marchão,DF,pt Portugal,26,1996,1.0,0,0,0,0,2,0,10,0,0,0,0,0,4,2,0,100.0,Matches
350,Noelle Maritz,DF,ch Switzerland,27,1995,4.0,1,0,0,2,1,0,4,3,3,0,0,0,23,0,1,0.0,Matches
351,Marta,"FW,MF",br Brazil,37,1986,1.1,0,0,0,1,1,0,6,0,1,0,0,0,7,1,4,20.0,Matches
352,Lieke Martens,FW,nl Netherlands,30,1992,5.3,0,0,0,2,2,2,13,1,7,0,0,0,34,13,12,52.0,Matches
353,Lara Marti,DF,ch Switzerland,23,1999,0.1,0,0,0,0,0,0,0,0,0,0,0,0,0,0,1,0.0,Matches
354,Clara Matéo,"FW,MF",fr France,25,1997,1.7,1,0,0,2,1,1,12,2,1,0,0,0,6,5,0,100.0,Matches
355,Ruthny Mathurin,DF,ht Haiti,22,2001,1.6,0,0,0,2,1,0,3,4,6,0,1,0,6,0,1,0.0,Matches
356,Noko Matlou,DF,za South Africa,37,1985,2.0,0,0,0,1,0,0,0,4,3,0,0,0,13,3,9,25.0,Matches
357,Cheyna Matthews,"MF,FW",jm Jamaica,29,1993,1.6,1,0,0,5,2,0,1,0,1,0,0,0,16,3,7,30.0,Matches
358,Sandrine Mauron,MF,ch Switzerland,26,1996,0.9,0,0,0,1,3,1,1,2,0,0,0,0,4,1,3,25.0,Matches
359,Miriam Mayorga,DF,ar Argentina,33,1989,2.0,2,0,0,4,1,0,0,7,1,0,0,0,13,3,0,100.0,Matches
360,Bambanani Mbane,DF,za South Africa,33,1990,3.5,0,0,0,3,3,0,0,5,6,0,0,0,35,4,4,50.0,Matches
361,Katie McCabe,"MF,DF",ie Rep. of Ireland,27,1995,3.0,2,0,0,3,6,0,20,1,5,0,0,0,16,3,2,60.0,Matches
362,Chandler McDaniel,FW,ph Philippines,25,1998,0.3,0,0,0,1,0,0,0,0,0,0,0,0,1,1,0,100.0,Matches
363,Olivia McDaniel,GK,ph Philippines,25,1997,3.0,0,0,0,0,1,0,0,0,0,0,0,0,2,0,2,0.0,Matches
364,Kayla McKenna,FW,jm Jamaica,26,1996,0.9,0,0,0,3,2,1,0,0,0,0,0,0,2,1,2,33.3,Matches
365,Peyton McNamara,MF,jm Jamaica,21,2002,0.2,0,0,0,0,0,0,0,0,0,0,0,0,2,4,1,80.0,Matches
366,Carolina Mendes,FW,pt Portugal,35,1987,0.2,0,0,0,0,0,0,0,0,0,0,0,0,0,1,0,100.0,Matches
367,Li Mengwen,DF,cn China PR,28,1995,2.8,0,0,0,2,1,0,5,2,5,0,0,0,17,3,1,75.0,Matches
368,Shen Mengyu,"MF,FW",cn China PR,21,2001,0.2,0,0,0,2,1,0,0,0,0,0,0,0,5,0,0,,Matches
369,Kristie Mewis,MF,us USA,32,1991,0.0,0,0,0,0,0,0,0,0,0,0,0,0,0,0,0,,Matches
370,Moon Mi-ra,"DF,FW",kr Korea Republic,31,1992,0.6,0,0,0,2,0,0,0,0,0,0,0,0,1,1,3,25.0,Matches
371,Aurora Mikalsen,GK,no Norway,27,1996,4.0,0,0,0,0,0,0,0,0,0,0,0,0,7,3,0,100.0,Matches
372,Natalia Mills,"MF,FW",pa Panama,30,1993,0.7,0,0,0,1,0,0,0,1,0,0,0,0,1,1,0,100.0,Matches
373,Moeka Minami,DF,jp Japan,24,1998,5.0,0,0,0,3,1,0,0,5,6,0,0,0,35,6,6,50.0,Matches
374,Shiori Miyake,DF,jp Japan,27,1995,1.0,0,0,0,0,1,0,0,2,0,0,0,0,9,6,1,85.7,Matches
375,Hinata Miyazawa,"FW,MF",jp Japan,23,1999,3.7,0,0,0,1,3,1,5,7,6,0,0,0,27,0,1,0.0,Matches
376,Maren Mjelde,DF,no Norway,33,1989,4.0,0,0,0,2,3,0,0,8,4,0,0,0,37,3,2,60.0,Matches
377,Gift Monday,FW,ng Nigeria,21,2001,0.3,0,0,0,1,0,0,1,1,2,0,0,0,2,0,1,0.0,Matches
378,Nérilia Mondésir,FW,ht Haiti,24,1999,3.0,0,0,0,3,5,4,13,1,0,0,0,0,11,0,4,0.0,Matches
379,Mônica,DF,br Brazil,45,1978,0.1,0,0,0,1,0,0,1,0,0,0,0,0,1,0,0,,Matches
380,Carmen Montenegro,"MF,DF",pa Panama,22,2000,0.9,0,0,0,0,1,0,0,1,1,0,0,0,5,2,5,28.6,Matches
381,Daniela Montoya,MF,co Colombia,32,1990,2.4,0,0,0,5,3,0,0,1,1,0,0,0,13,2,9,18.2,Matches
382,Robyn Moodaly,MF,za South Africa,28,1994,0.5,0,0,0,1,0,0,0,0,0,0,0,0,3,0,0,,Matches
383,Patrícia Morais,GK,pt Portugal,30,1992,1.0,0,0,0,0,0,0,0,0,0,0,0,0,0,0,0,,Matches
384,Alex Morgan,FW,us USA,33,1989,3.8,0,0,0,4,4,5,5,5,2,0,0,0,13,14,13,51.9,Matches
385,Miyabi Moriya,"MF,DF",jp Japan,26,1996,0.4,0,0,0,0,0,0,2,0,3,0,0,0,2,0,0,,Matches
386,Maudeline Moryl,MF,ht Haiti,20,2003,0.5,0,0,0,0,0,0,0,1,0,0,0,0,3,0,1,0.0,Matches
387,Linda Motlhalo,"MF,FW",za South Africa,24,1998,3.6,0,0,0,0,5,1,2,2,3,0,0,0,25,4,8,33.3,Matches
388,Yasmin Mrabet,DF,ma Morocco,23,1999,0.9,0,0,0,0,1,0,0,0,1,0,0,1,5,1,0,100.0,Matches
389,Hellen Mubanga,MF,zm Zambia,28,1995,0.0,0,0,0,0,0,0,0,0,0,0,0,0,0,0,0,,Matches
390,Agness Musase,DF,zm Zambia,25,1997,3.0,0,0,0,1,0,0,0,4,1,0,0,0,10,0,2,0.0,Matches
391,Catherine Musonda,GK,zm Zambia,25,1998,2.0,2,1,1,1,0,0,0,0,0,0,1,0,1,0,1,0.0,Matches
392,Zećira Mušović,GK,se Sweden,27,1996,6.3,0,0,0,0,0,0,0,0,0,0,0,0,9,0,0,,Matches
393,Lushomo Mweemba,DF,zm Zambia,22,2001,2.7,0,0,0,1,0,0,0,1,2,0,0,0,25,4,1,80.0,Matches
394,Lê Thị Diễm My,DF,vn Vietnam,26,1996,3.0,0,0,0,0,4,0,0,5,6,0,0,0,26,1,1,50.0,Matches
395,Alyssa Naeher,GK,us USA,35,1988,4.3,0,0,0,0,1,0,0,0,0,0,0,0,1,1,0,100.0,Matches
396,Fūka Nagano,MF,jp Japan,24,1999,3.7,0,0,0,2,5,0,0,2,0,0,1,0,40,1,5,16.7,Matches
397,Élodie Nakkach,MF,ma Morocco,28,1995,3.5,0,0,0,5,4,0,0,4,6,0,0,0,35,1,5,16.7,Matches
398,Hikaru Naomoto,"MF,FW",jp Japan,29,1994,2.0,0,0,0,2,6,1,7,2,2,0,0,0,10,2,4,33.3,Matches
399,Wendy Natis,DF,pa Panama,20,2002,2.2,0,0,0,6,1,0,0,3,3,0,1,0,18,4,2,66.7,Matches
400,Eva Navarro,FW,es Spain,22,2001,1.6,0,0,0,3,5,1,11,1,1,0,0,0,13,0,1,0.0,Matches
401,Kika Nazareth,MF,pt Portugal,20,2002,1.7,0,0,0,2,2,2,1,1,4,0,0,0,19,2,3,40.0,Matches
402,Courtney Nevin,DF,au Australia,21,2002,0.2,0,0,0,0,0,0,0,0,1,0,0,0,0,0,0,,Matches
403,Nguyễn Thị Thanh Nhã,MF,vn Vietnam,21,2001,2.0,0,0,0,1,4,0,2,2,5,0,0,0,7,1,7,12.5,Matches
404,Huỳnh Như,FW,vn Vietnam,31,1991,2.0,1,0,0,2,4,1,1,1,0,0,0,0,11,2,5,28.6,Matches
405,Chiamaka Nnadozie,GK,ng Nigeria,22,2000,4.3,0,0,0,0,2,0,0,0,0,0,0,0,7,7,1,87.5,Matches
406,Andreia Norton,MF,pt Portugal,26,1996,2.0,0,0,0,9,3,0,4,1,1,0,0,0,13,4,1,80.0,Matches
407,Aniek Nouwen,DF,nl Netherlands,24,1999,0.9,0,0,0,3,0,0,0,1,1,0,0,0,6,4,2,66.7,Matches
408,Romina Núñez,"MF,FW",ar Argentina,29,1994,2.3,0,0,0,3,12,0,9,1,5,0,0,0,17,1,4,20.0,Matches
409,Sjoeke Nüsken,DF,de Germany,22,2001,0.5,0,0,0,0,0,0,0,4,0,0,0,0,6,0,0,,Matches
410,Áine O'Gorman,MF,ie Rep. of Ireland,34,1989,0.6,0,0,0,0,1,0,2,1,1,0,0,0,4,0,3,0.0,Matches
411,Kelley O'Hara,DF,us USA,34,1988,0.1,0,0,0,0,0,0,0,0,0,0,0,0,3,0,0,,Matches
412,Denise O'Sullivan,MF,ie Rep. of Ireland,29,1994,3.0,1,0,0,5,1,0,2,3,6,0,0,0,33,4,8,33.3,Matches
413,Lena Oberdorf,MF,de Germany,21,2001,2.0,1,0,0,5,7,0,0,6,5,1,0,0,14,9,3,75.0,Matches
414,Glory Ogbonna,DF,ng Nigeria,24,1998,0.2,0,0,0,0,0,0,0,0,0,0,0,0,0,0,0,,Matches
415,Osinachi Ohale,DF,ng Nigeria,31,1991,4.3,0,0,0,1,1,0,0,1,2,0,0,0,18,3,4,42.9,Matches
416,Esther Okoronkwo,FW,ng Nigeria,26,1997,0.4,0,0,0,1,0,0,0,0,0,0,0,0,3,1,5,16.7,Matches
417,Ifeoma Onumonu,FW,ng Nigeria,29,1994,2.5,0,0,0,6,0,1,2,3,1,0,0,0,13,4,9,30.8,Matches
418,Desire Oparanozie,FW,ng Nigeria,29,1993,0.1,0,0,0,0,0,0,0,0,0,0,0,0,0,2,0,100.0,Matches
419,Francisca Ordega,"FW,MF",ng Nigeria,29,1993,1.2,0,0,0,4,0,0,3,0,4,0,1,0,6,1,2,33.3,Matches
420,Benedetta Orsi,DF,it Italy,23,2000,1.0,0,0,0,2,0,0,0,1,0,0,0,1,8,1,0,100.0,Matches
421,Ochumba Oseke,MF,zm Zambia,21,2001,0.4,1,0,0,2,0,0,1,0,1,0,0,0,1,2,3,40.0,Matches
422,Asisat Oshoala,FW,ng Nigeria,28,1994,2.7,1,0,0,5,2,0,4,0,2,0,0,0,9,7,9,43.8,Matches
423,Diana Ospina,MF,co Colombia,34,1989,2.5,1,0,0,2,0,0,2,6,6,0,0,0,20,2,2,50.0,Matches
424,Sakina Ouzraoui,MF,ma Morocco,21,2001,4.0,0,0,0,6,5,0,2,2,4,0,0,0,34,3,3,50.0,Matches
425,Salma Paralluelo,FW,es Spain,19,2003,5.1,1,0,0,6,5,0,21,4,6,0,0,0,27,7,10,41.2,Matches
426,Irene Paredes,DF,es Spain,31,1991,7.3,0,0,0,6,4,1,3,12,5,0,0,0,51,16,12,57.1,Matches
427,Heather Payne,"MF,DF",ie Rep. of Ireland,23,2000,1.9,0,0,0,0,3,0,9,0,3,0,0,0,4,1,0,100.0,Matches
428,Toni Payne,MF,ng Nigeria,28,1995,4.2,0,0,0,0,1,0,21,2,2,0,0,0,23,1,4,20.0,Matches
429,Victoria Pelova,"FW,MF",nl Netherlands,24,1999,4.8,0,0,0,4,4,3,6,8,5,0,0,0,50,2,2,50.0,Matches
430,Ria Percival,MF,nz New Zealand,33,1989,2.7,0,0,0,4,5,0,13,2,5,0,0,0,23,8,6,57.1,Matches
431,Inês Pereira,GK,pt Portugal,24,1999,2.0,0,0,0,0,2,0,0,0,0,0,0,0,4,1,0,100.0,Matches
432,Catalina Pérez,GK,co Colombia,28,1994,4.7,1,0,0,1,2,0,0,0,0,0,1,0,5,2,0,100.0,Matches
433,María Pérez,MF,es Spain,21,2001,0.3,0,0,0,1,0,0,0,0,0,0,0,0,1,0,0,,Matches
434,Ève Périsset,DF,fr France,28,1994,2.9,0,0,0,1,1,0,5,3,8,0,0,0,28,2,2,50.0,Matches
435,Betina Petit-Frère,DF,ht Haiti,19,2003,3.0,0,0,0,0,3,0,1,5,1,0,0,0,13,1,2,33.3,Matches
436,Pauline Peyraud-Magnin,GK,fr France,31,1992,5.3,0,0,0,0,0,0,0,0,0,0,0,0,21,2,0,100.0,Matches
437,Casey Phair,"FW,DF",kr Korea Republic,15,2007,1.2,0,0,0,3,1,0,0,1,0,0,0,0,4,2,3,40.0,Matches
438,Vast Phiri,DF,zm Zambia,27,1996,0.3,0,0,0,0,0,0,0,0,0,0,0,0,1,0,0,,Matches
439,Dayana Pierre-Louis,MF,ht Haiti,19,2003,2.6,1,0,0,1,3,0,0,1,4,0,1,0,27,1,2,33.3,Matches
440,Alexandra Pinell,MF,cr Costa Rica,20,2002,0.2,0,0,0,0,0,0,0,0,1,0,0,0,3,2,4,33.3,Matches
441,Fátima Pinto,MF,pt Portugal,27,1996,1.0,0,0,0,2,2,0,0,0,2,0,0,0,8,1,3,25.0,Matches
442,Tatiana Pinto,MF,pt Portugal,29,1994,3.0,0,0,0,3,3,0,4,0,6,0,0,0,30,2,11,15.4,Matches
443,Yomira Pinzón,DF,pa Panama,26,1996,3.0,1,0,0,4,3,0,2,4,5,0,1,0,15,4,9,30.8,Matches
444,Seraina Piubel,"MF,FW",ch Switzerland,23,2000,3.7,0,0,0,0,1,1,2,5,8,0,0,0,26,3,8,27.3,Matches
445,Ashleigh Plumptre,DF,ng Nigeria,25,1998,4.2,0,0,0,2,1,1,2,8,2,0,0,0,35,19,8,70.4,Matches
446,Clare Polkinghorne,DF,au Australia,34,1989,2.0,0,0,0,0,2,0,0,3,1,0,0,0,6,5,5,50.0,Matches
447,Alexandra Popp,"FW,MF",de Germany,32,1991,2.9,0,0,0,6,6,1,0,4,4,0,0,0,16,25,7,78.1,Matches
448,Atlanta Primus,"MF,FW",jm Jamaica,26,1997,3.2,1,0,0,4,1,1,0,0,1,0,0,0,24,11,12,47.8,Matches
449,Nichelle Prince,FW,ca Canada,28,1995,0.1,0,0,0,0,0,1,0,0,2,0,0,0,1,0,0,,Matches
450,Alexia Putellas,MF,es Spain,29,1994,2.4,0,0,0,1,4,0,4,2,0,0,0,0,20,5,1,83.3,Matches
451,Chen Qiaozhu,DF,cn China PR,23,1999,3.0,0,0,0,1,0,0,10,4,4,0,0,0,23,9,10,47.4,Matches
452,Quinley Quezada,MF,ph Philippines,26,1997,2.4,0,0,0,1,1,1,0,4,2,0,0,0,9,1,4,20.0,Matches
453,Quinn,MF,ca Canada,27,1995,2.9,0,0,0,2,1,0,1,6,4,0,0,0,22,7,6,53.8,Matches
454,Louise Quinn,DF,ie Rep. of Ireland,32,1990,3.0,0,0,0,1,0,0,0,1,2,0,0,0,3,10,7,58.8,Matches
455,Lucy Quinn,FW,ie Rep. of Ireland,29,1993,0.8,0,0,0,0,2,0,2,0,0,0,0,0,5,1,1,50.0,Matches
456,Aldrith Quintero,MF,pa Panama,21,2002,2.2,0,0,0,4,8,0,0,4,5,0,0,0,21,4,2,66.7,Matches
457,Rafaelle,DF,br Brazil,31,1991,3.0,0,0,0,1,1,0,0,4,2,0,0,0,32,9,2,81.8,Matches
458,Lebohang Ramalepe,DF,za South Africa,31,1991,4.0,0,0,0,2,3,0,4,11,8,0,0,0,35,0,3,0.0,Matches
459,Mayra Ramírez,FW,co Colombia,24,1999,5.0,0,0,0,8,9,2,12,0,4,0,0,0,18,8,9,47.1,Matches
460,Mónica Ramos,DF,co Colombia,24,1998,0.0,0,0,0,0,0,0,0,0,0,0,0,0,0,0,0,,Matches
461,Dominique Randle,"DF,MF",ph Philippines,28,1994,0.6,0,0,0,0,1,0,1,1,1,0,0,0,8,0,1,0.0,Matches
462,Megan Rapinoe,FW,us USA,37,1985,0.9,0,0,0,2,2,0,13,2,0,0,0,0,10,0,0,,Matches
463,Hayley Raso,MF,au Australia,28,1994,6.2,0,0,0,10,13,1,9,0,10,1,0,0,33,3,16,15.8,Matches
464,Felicitas Rauch,DF,de Germany,27,1996,1.0,0,0,0,0,0,0,4,1,3,0,0,0,4,0,1,0.0,Matches
465,Sílvia Rebelo,DF,pt Portugal,34,1989,0.0,0,0,0,0,0,0,0,0,0,0,0,0,1,0,0,,Matches
466,Alba Redondo,FW,es Spain,26,1996,4.4,0,0,0,1,2,3,10,0,3,0,0,0,12,6,2,75.0,Matches
467,Zineb Redouani,DF,ma Morocco,23,2000,4.0,0,0,0,5,2,1,1,7,12,0,0,0,28,1,8,11.1,Matches
468,Guro Reiten,MF,no Norway,28,1994,4.0,0,0,0,4,4,0,13,1,3,1,0,0,13,5,4,55.6,Matches
469,Wendie Renard,DF,fr France,32,1990,4.3,0,0,0,1,3,1,0,6,4,0,0,0,37,20,4,83.3,Matches
470,Gabi Rennie,FW,nz New Zealand,21,2001,0.1,0,0,0,1,0,0,1,1,0,0,0,0,1,1,1,50.0,Matches
471,Marcela Restrepo,"MF,FW",co Colombia,24,1999,0.2,0,0,0,1,0,0,0,1,0,0,0,0,2,3,1,75.0,Matches
472,Géraldine Reuteler,MF,ch Switzerland,24,1999,3.1,0,0,0,2,6,0,6,6,3,0,0,0,34,0,2,0.0,Matches
473,Marion Rey,MF,ch Switzerland,24,1999,0.0,0,0,0,1,0,0,0,0,0,0,0,0,0,0,0,,Matches
474,Nadine Riesen,DF,ch Switzerland,23,2000,2.9,0,0,0,3,1,0,3,2,4,0,0,0,13,4,6,40.0,Matches
475,Ali Riley,DF,nz New Zealand,35,1987,3.0,0,0,0,0,1,0,10,2,4,0,0,0,39,5,5,50.0,Matches
476,Indiah-Paige Riley,"MF,FW",nz New Zealand,21,2001,2.0,0,0,0,3,5,0,7,4,7,0,0,0,10,1,5,16.7,Matches
477,Karla Riley,FW,pa Panama,25,1997,0.9,0,0,0,1,0,0,0,1,1,0,0,0,2,2,2,50.0,Matches
478,Jayde Riviere,DF,ca Canada,22,2001,2.3,0,0,0,0,6,0,2,6,9,0,0,0,10,1,1,50.0,Matches
479,Trinity Rodman,FW,us USA,21,2002,2.6,0,0,0,3,4,3,12,5,2,1,0,0,19,4,1,80.0,Matches
480,Misa Rodríguez,GK,es Spain,23,1999,3.0,0,0,0,0,0,0,0,0,0,0,0,0,5,0,0,,Matches
481,Raquel Rodríguez,MF,cr Costa Rica,29,1993,1.3,0,0,0,2,3,0,0,2,0,0,0,0,10,2,1,66.7,Matches
482,Yamila Rodríguez,"FW,MF",ar Argentina,25,1998,0.6,0,0,0,1,0,0,3,0,1,0,0,0,5,2,1,66.7,Matches
483,Fridolina Rolfö,"FW,MF",se Sweden,29,1993,5.5,0,0,0,7,2,0,4,2,6,0,0,0,44,15,15,50.0,Matches
484,Sophie Román Haug,FW,no Norway,24,1999,2.8,0,0,0,5,1,0,0,0,0,0,0,0,4,18,10,64.3,Matches
485,Jill Roord,MF,nl Netherlands,26,1997,4.6,0,0,0,3,3,0,1,3,12,0,0,0,28,3,4,42.9,Matches
486,Deanne Rose,FW,ca Canada,24,1999,1.0,0,0,0,2,0,0,2,1,1,0,0,0,6,0,4,0.0,Matches
487,Elin Rubensson,MF,se Sweden,30,1993,6.4,1,0,0,10,3,0,5,14,10,0,0,0,64,6,5,54.5,Matches
488,Zhang Rui,MF,cn China PR,34,1989,1.3,0,1,0,3,0,0,3,3,4,0,0,0,12,4,2,66.7,Matches
489,Alessia Russo,FW,eng England,24,1999,5.8,0,0,0,7,5,3,7,0,3,0,0,0,23,12,19,38.7,Matches
490,Ana Rute,MF,pt Portugal,25,1998,0.0,0,0,0,0,0,0,0,0,0,0,0,0,1,0,0,,Matches
491,Johanna Rytting Kaneryd,"FW,DF",se Sweden,26,1997,5.6,0,0,0,3,1,3,12,5,5,0,0,0,45,2,5,28.6,Matches
492,Adriana Sachs,DF,ar Argentina,29,1993,1.0,0,0,0,0,0,0,0,1,3,0,0,0,5,0,0,,Matches
493,Eunice Sakala,GK,zm Zambia,21,2002,1.0,0,0,0,0,0,0,0,0,0,0,0,0,0,0,0,,Matches
494,María Paula Salas,FW,cr Costa Rica,20,2002,1.8,0,0,0,1,4,0,0,0,0,0,0,0,7,5,17,22.7,Matches
495,Deysiré Salazar,MF,pa Panama,19,2004,1.3,1,0,0,4,1,0,0,3,2,0,0,0,11,0,3,0.0,Matches
496,Gabriela Salgado,MF,za South Africa,25,1998,0.4,0,0,0,0,1,0,1,2,0,0,0,0,2,0,0,,Matches
497,Cecilia Salvai,DF,it Italy,29,1993,2.0,0,0,0,0,0,0,1,7,4,0,0,0,24,2,1,66.7,Matches
498,Duda Sampaio,MF,br Brazil,22,2001,0.3,0,0,0,0,0,0,3,0,0,0,0,0,5,0,0,,Matches
499,Vyan Sampson,MF,jm Jamaica,26,1996,3.9,0,0,0,1,0,0,0,10,3,0,0,0,25,5,5,50.0,Matches
500,Anna Sandberg,DF,se Sweden,20,2003,1.0,0,0,0,4,1,0,3,3,2,0,0,0,9,0,1,0.0,Matches
501,Leicy Santos,"MF,FW",co Colombia,27,1996,4.2,0,0,0,6,3,0,12,3,9,0,0,0,28,4,8,33.3,Matches
502,Paige Satchell,FW,nz New Zealand,25,1998,0.1,0,0,0,1,0,1,0,0,0,0,0,0,0,0,0,,Matches
503,Jaclyn Sawicki,MF,ph Philippines,30,1992,2.8,0,0,0,2,2,0,0,2,2,0,1,0,26,1,1,50.0,Matches
504,Sophie Schmidt,MF,ca Canada,34,1988,1.2,0,0,0,0,2,0,7,3,3,0,0,0,20,10,2,83.3,Matches
505,Olivia Schough,"FW,MF",se Sweden,32,1991,1.4,1,0,0,1,0,1,4,2,1,0,0,0,10,1,0,100.0,Matches
506,Lea Schüller,"FW,MF",de Germany,25,1997,1.6,0,0,0,2,1,2,2,0,0,0,0,0,3,2,3,40.0,Matches
507,Sheika Scott,FW,cr Costa Rica,16,2006,1.3,0,0,0,1,2,1,0,2,0,0,0,0,8,4,1,80.0,Matches
508,Caroline Seger,MF,se Sweden,38,1985,0.8,0,0,0,1,1,0,0,1,0,0,0,0,3,6,2,75.0,Matches
509,Ana Seiça,DF,pt Portugal,22,2001,1.0,0,0,0,1,0,0,3,3,2,0,0,0,13,3,0,100.0,Matches
510,Kiko Seike,"DF,MF",jp Japan,26,1996,0.5,0,0,0,1,0,1,1,0,2,0,0,0,6,0,1,0.0,Matches
511,Jang Sel-gi,DF,kr Korea Republic,29,1994,3.0,0,0,0,2,2,0,5,4,5,0,0,0,26,1,3,25.0,Matches
512,Linda Sembrant,"DF,FW",se Sweden,36,1987,0.3,0,0,0,0,0,0,0,2,2,0,0,0,2,1,0,100.0,Matches
513,Shim Seo-yeon,DF,kr Korea Republic,34,1989,3.0,1,0,0,2,0,0,0,3,1,0,1,0,33,4,2,66.7,Matches
514,Lim Seon-joo,DF,kr Korea Republic,32,1990,1.0,1,0,0,2,0,0,0,1,1,0,0,0,2,1,5,16.7,Matches
515,Jermaine Seoposenwe,"FW,MF",za South Africa,29,1993,3.3,0,0,0,0,4,2,2,2,5,0,0,0,24,9,9,50.0,Matches
516,Meryll Serrano,MF,ph Philippines,25,1997,0.3,0,0,0,0,2,0,0,0,0,0,0,0,4,0,3,0.0,Matches
517,Annamaria Serturini,FW,it Italy,25,1998,0.4,0,0,0,0,0,0,3,0,0,0,0,0,3,1,0,100.0,Matches
518,Rikke Sevecke,DF,dk Denmark,26,1996,3.7,1,0,0,2,1,0,1,5,5,0,0,0,12,5,3,62.5,Matches
519,Wang Shanshan,DF,cn China PR,33,1990,3.0,0,0,0,1,1,0,0,4,3,0,0,0,24,4,3,57.1,Matches
520,Khadija Shaw,FW,jm Jamaica,26,1997,3.0,2,1,1,5,7,1,4,0,1,0,0,0,16,11,17,39.3,Matches
521,Kailen Sheridan,GK,ca Canada,27,1995,3.0,0,0,0,0,1,0,0,0,0,0,0,0,5,3,0,100.0,Matches
522,Marissa Sheva,"FW,DF",ie Rep. of Ireland,26,1997,1.1,0,0,0,2,0,0,6,1,4,0,1,0,14,0,3,0.0,Matches
523,Risa Shimizu,"MF,DF",jp Japan,26,1996,4.6,0,0,0,0,1,2,13,4,1,0,0,0,21,2,4,33.3,Matches
524,Wendy Shongwe,FW,za South Africa,20,2003,0.7,0,0,0,1,0,0,2,0,1,0,0,0,4,2,2,50.0,Matches
525,Wang Shuang,"FW,MF",cn China PR,28,1995,1.8,0,0,0,2,1,1,4,1,0,0,0,0,10,1,2,33.3,Matches
526,Diana Silva,FW,pt Portugal,28,1995,1.9,0,0,0,2,2,0,2,0,2,0,0,0,4,1,5,16.7,Matches
527,Dolores Silva,MF,pt Portugal,31,1991,1.7,0,0,0,0,3,0,2,0,3,0,0,0,12,3,4,42.9,Matches
528,Jéssica Silva,FW,pt Portugal,28,1994,2.8,1,0,0,2,2,1,8,0,3,0,0,0,6,3,9,25.0,Matches
529,Kameron Simmonds,"FW,MF",jm Jamaica,19,2003,0.2,0,0,0,0,0,1,1,0,2,0,0,0,1,1,0,100.0,Matches
530,Christine Sinclair,"FW,MF",ca Canada,40,1983,1.8,0,0,0,1,3,0,1,0,2,1,0,0,11,3,7,30.0,Matches
531,Olivia Smith,MF,ca Canada,18,2004,0.1,0,0,0,0,0,0,0,0,2,0,0,0,0,1,1,50.0,Matches
532,Sophia Smith,FW,us USA,22,2000,4.0,1,0,0,5,6,0,16,0,4,0,0,0,28,2,2,50.0,Matches
533,Emma Snerle,FW,dk Denmark,22,2001,0.1,0,0,0,0,0,0,0,2,1,0,0,0,1,1,1,50.0,Matches
534,Katja Snoeijs,FW,nl Netherlands,26,1996,2.2,0,0,0,6,0,0,0,0,2,0,0,0,10,4,8,33.3,Matches
535,Cho So-hyun,MF,kr Korea Republic,34,1988,2.7,0,0,0,3,3,0,3,8,3,0,0,0,27,9,8,52.9,Matches
536,Ji So-yun,MF,kr Korea Republic,32,1991,3.0,0,0,0,4,11,0,11,2,10,0,0,0,30,5,7,41.7,Matches
537,Havana Solaun,FW,jm Jamaica,30,1993,0.2,0,0,0,0,0,0,0,0,0,0,0,0,2,1,0,100.0,Matches
538,Daniela Solera,GK,cr Costa Rica,25,1997,3.0,0,0,0,0,2,0,0,0,0,0,0,0,0,1,1,50.0,Matches
539,Emily Sonnett,MF,us USA,29,1993,1.4,0,0,0,4,2,0,0,1,0,0,0,0,15,1,1,50.0,Matches
540,Coumba Sow,MF,ch Switzerland,28,1994,3.5,0,0,0,9,3,3,1,2,5,1,0,0,23,13,8,61.9,Matches
541,Drew Spence,MF,jm Jamaica,30,1992,4.0,1,0,0,4,6,0,0,8,6,0,0,0,22,6,4,60.0,Matches
542,Rebecca Spencer,GK,jm Jamaica,32,1991,4.0,0,0,0,0,1,0,0,0,0,0,0,0,1,1,2,33.3,Matches
543,Sherida Spitse,DF,nl Netherlands,33,1990,4.7,0,0,0,2,3,0,24,6,9,0,0,0,29,2,1,66.7,Matches
544,Eliana Stábile,DF,ar Argentina,29,1993,3.0,1,0,0,3,4,0,14,6,5,0,0,0,23,6,4,60.0,Matches
545,Georgia Stanway,MF,eng England,24,1999,6.8,1,0,0,12,6,0,13,1,14,0,0,0,71,4,13,23.5,Matches
546,Malia Steinmetz,MF,nz New Zealand,24,1999,3.0,0,0,0,1,2,0,3,0,3,0,0,0,29,7,9,43.8,Matches
547,Julia Stierli,DF,ch Switzerland,26,1997,4.0,1,0,0,1,3,0,4,1,2,0,0,0,14,5,3,62.5,Matches
548,Rebekah Stott,DF,nz New Zealand,29,1993,2.4,0,0,0,1,4,0,2,2,2,0,0,0,19,5,2,71.4,Matches
549,Ngân Thị Vạn Sự,MF,vn Vietnam,22,2001,0.8,0,0,0,0,3,0,1,2,0,0,0,0,7,0,2,0.0,Matches
550,Hina Sugita,"DF,MF",jp Japan,26,1997,1.6,0,0,0,0,1,1,6,5,1,0,0,0,11,1,0,100.0,Matches
551,Andi Sullivan,MF,us USA,27,1995,4.3,0,0,0,8,4,0,15,12,10,0,0,0,32,8,7,53.3,Matches
552,Chelsea Surpris,DF,ht Haiti,26,1996,1.1,0,0,0,0,0,0,0,1,1,0,0,0,6,2,1,66.7,Matches
553,Allyson Swaby,DF,jm Jamaica,26,1996,4.0,0,0,0,2,1,0,0,2,0,0,0,0,26,7,5,58.3,Matches
554,Chantelle Swaby,DF,jm Jamaica,24,1998,4.0,1,0,0,3,0,0,2,8,4,0,0,0,20,4,2,66.7,Matches
555,Kaylin Swart,GK,za South Africa,28,1994,4.0,0,0,0,0,1,0,0,0,0,0,0,0,7,4,0,100.0,Matches
556,Ingrid Syrstad Engen,MF,no Norway,25,1998,2.3,0,0,0,6,3,0,0,2,6,0,0,1,28,7,7,50.0,Matches
557,Karina Sævik,"FW,MF",no Norway,27,1996,0.8,0,0,0,1,0,1,2,0,0,0,0,0,7,1,2,33.3,Matches
558,Anja Sønstevold,DF,no Norway,30,1992,0.5,0,0,0,0,0,0,3,1,0,0,0,0,3,1,1,50.0,Matches
559,Nicoline Sørensen,"FW,MF",dk Denmark,25,1997,1.6,0,0,0,0,1,0,17,0,2,0,0,0,16,1,0,100.0,Matches
560,Fatima Tagnaout,MF,ma Morocco,24,1999,3.6,0,0,0,4,2,1,12,0,3,0,0,0,26,0,4,0.0,Matches
561,Hana Takahashi,DF,jp Japan,23,2000,3.0,0,0,0,3,1,0,0,3,3,0,0,0,20,3,11,21.4,Matches
562,Tamires,DF,br Brazil,35,1987,3.0,0,0,0,1,2,2,20,1,5,0,0,0,29,8,6,57.1,Matches
563,Mina Tanaka,FW,jp Japan,29,1994,3.0,0,0,0,6,8,2,5,2,2,0,0,0,16,5,7,41.7,Matches
564,Riley Tanner,"FW,MF",pa Panama,23,1999,2.3,0,0,0,0,7,0,2,0,3,1,0,0,8,4,7,36.4,Matches
565,Martha Tembo,DF,zm Zambia,25,1998,3.0,2,0,0,7,2,0,0,8,3,0,0,0,21,2,2,50.0,Matches
566,Meriame Terchoun,"FW,MF",ch Switzerland,27,1995,0.6,0,0,0,2,2,1,1,0,0,0,0,0,2,0,2,0.0,Matches
567,Gaëlle Thalmann,GK,ch Switzerland,37,1986,4.0,0,0,0,0,0,0,0,0,0,0,0,0,4,1,0,100.0,Matches
568,Trần Thị Kim Thanh,GK,vn Vietnam,29,1993,2.5,0,0,0,0,0,0,0,0,0,0,0,0,0,5,0,100.0,Matches
569,Trần Thị Thu Thảo,DF,vn Vietnam,30,1993,3.0,0,0,0,3,1,0,2,9,6,0,0,0,23,1,6,14.3,Matches
570,Kerly Théus,GK,ht Haiti,24,1999,3.0,0,0,0,0,2,0,0,0,0,0,0,0,8,0,1,0.0,Matches
571,Khổng Thị Hằng,GK,vn Vietnam,29,1993,0.5,0,0,0,0,0,0,0,0,0,0,0,0,0,1,0,100.0,Matches
572,Chương Thị Kiều,DF,vn Vietnam,27,1995,1.2,0,0,0,0,0,0,0,0,0,0,0,0,5,2,0,100.0,Matches
573,Hoàng Thị Loan,DF,vn Vietnam,28,1995,2.3,0,0,0,3,3,0,1,0,4,0,1,0,10,0,4,0.0,Matches
574,Thái Thị Thảo,MF,vn Vietnam,28,1995,2.0,0,0,0,4,0,0,2,1,2,0,0,0,15,7,5,58.3,Matches
575,Trần Thị Thu,DF,vn Vietnam,31,1991,3.0,0,0,0,3,0,0,1,9,2,0,0,0,10,3,5,37.5,Matches
576,Dương Thị Vân,MF,vn Vietnam,28,1994,1.7,1,0,0,1,4,0,0,6,3,0,0,0,14,1,4,20.0,Matches
577,Alyssa Thompson,FW,us USA,18,2004,0.2,0,0,0,1,1,0,1,0,0,0,0,0,1,0,0,,Matches
578,Janni Thomsen,"DF,FW",dk Denmark,23,2000,3.9,1,0,0,6,2,0,11,5,2,0,0,0,24,7,6,53.8,Matches
579,Lương Thị Thu Thương,DF,vn Vietnam,23,2000,1.8,0,0,0,2,0,0,0,2,2,0,0,0,6,0,0,,Matches
580,Nguyễn Thị Bích Thùy,MF,vn Vietnam,29,1994,2.0,0,0,0,1,3,0,5,3,1,0,0,0,16,1,4,20.0,Matches
581,Frederikke Thøgersen,FW,dk Denmark,27,1995,0.2,0,0,0,0,0,0,1,0,0,0,0,0,2,0,0,,Matches
582,Sandie Toletti,MF,fr France,27,1995,3.4,1,0,0,7,1,0,3,4,5,0,0,0,30,14,4,77.8,Matches
583,Ella Toone,MF,eng England,23,1999,4.9,0,0,0,5,1,1,1,3,1,0,0,0,22,3,6,33.3,Matches
584,Aïssatou Tounkara,DF,fr France,28,1995,0.0,0,0,0,0,0,0,0,0,0,0,0,0,1,0,0,,Matches
585,Sanne Troelsgaard Nielsen,MF,dk Denmark,34,1988,0.3,0,0,0,0,0,0,1,1,1,0,0,0,3,1,0,100.0,Matches
586,Christy Ucheibe,MF,ng Nigeria,22,2000,4.3,0,0,0,8,2,0,5,7,9,0,0,0,36,6,3,66.7,Matches
587,Riko Ueki,FW,jp Japan,23,1999,2.0,1,0,0,4,10,1,0,1,3,2,0,0,8,12,10,54.5,Matches
588,Catalina Usme,"FW,MF",co Colombia,33,1989,5.0,0,0,0,0,4,0,18,3,5,0,0,0,33,4,7,36.4,Matches
589,Emilie Valenciano,MF,cr Costa Rica,26,1997,0.1,0,0,0,0,0,0,0,0,0,0,0,0,3,0,0,,Matches
590,Kiki Van Zanten,MF,jm Jamaica,21,2001,0.5,0,0,0,0,1,1,0,1,1,0,0,0,5,0,2,0.0,Matches
591,Manuela Vanegas,DF,co Colombia,22,2000,4.0,2,0,0,7,3,0,7,9,12,0,0,0,40,15,9,62.5,Matches
592,Amalie Vangsgaard,FW,dk Denmark,26,1996,2.2,0,0,0,3,0,0,5,2,1,0,0,0,11,3,8,27.3,Matches
593,Rosario Vargas,DF,pa Panama,20,2002,0.9,0,0,0,1,0,0,0,1,1,0,0,0,2,1,2,33.3,Matches
594,Katrine Veje,DF,dk Denmark,31,1991,4.0,0,0,0,6,5,0,25,3,3,0,0,0,41,5,1,83.3,Matches
595,Evelyne Viens,FW,ca Canada,26,1997,1.1,1,0,0,1,2,0,0,0,0,0,0,0,2,3,3,50.0,Matches
596,Fabiola Villalobos,DF,cr Costa Rica,25,1998,3.0,0,0,0,2,2,0,0,2,1,0,1,0,16,1,4,20.0,Matches
597,Gloriana Villalobos,"MF,FW",cr Costa Rica,23,1999,2.1,0,0,0,3,5,0,0,1,2,0,0,0,9,1,1,50.0,Matches
598,Cortnee Vine,"MF,DF",au Australia,25,1998,2.8,0,0,0,3,1,0,4,2,8,0,0,0,17,5,6,45.5,Matches
599,Ana Vitória,MF,br Brazil,23,2000,0.1,0,0,0,0,0,0,0,0,0,0,0,0,0,0,0,,Matches
600,Keira Walsh,MF,eng England,26,1997,5.7,0,0,0,6,1,0,2,4,7,0,1,0,36,3,4,42.9,Matches
601,Lia Wälti,MF,ch Switzerland,30,1993,3.8,0,0,0,2,6,0,0,3,5,0,0,0,28,5,2,71.4,Matches
602,Solai Washington,"MF,FW",jm Jamaica,17,2005,0.4,0,0,0,2,0,0,1,0,3,0,0,0,5,1,0,100.0,Matches
603,Yao Wei,"DF,MF",cn China PR,25,1997,3.0,0,0,0,0,2,0,2,2,0,0,0,0,22,6,9,40.0,Matches
604,Hannah Wilkinson,FW,nz New Zealand,31,1992,2.8,1,0,0,3,2,4,1,0,1,0,0,0,7,7,12,36.8,Matches
605,Lynn Williams,FW,us USA,30,1993,1.5,0,0,0,2,1,0,8,1,3,0,0,0,7,4,5,44.4,Matches
606,Lynn Wilms,"DF,FW",nl Netherlands,22,2000,0.7,0,0,0,3,0,0,0,0,1,0,0,0,6,0,1,0.0,Matches
607,Mary Wilombe,MF,zm Zambia,25,1997,0.8,0,0,0,0,0,0,0,0,0,0,0,0,3,0,3,0.0,Matches
608,Tiernny Wiltshire,DF,jm Jamaica,25,1998,3.0,0,0,0,1,3,0,0,3,10,0,0,0,18,4,3,57.1,Matches
609,Zhang Xin,"FW,MF",cn China PR,31,1992,1.1,0,0,0,3,0,0,4,3,1,0,0,0,10,0,0,,Matches
610,Tameka Yallop,MF,au Australia,31,1991,0.1,0,0,0,0,0,0,1,1,1,0,0,0,0,0,0,,Matches
611,Ayaka Yamashita,GK,jp Japan,27,1995,5.0,0,0,0,0,0,0,0,0,0,0,0,0,6,0,0,,Matches
612,Gu Yasha,"MF,FW",cn China PR,32,1990,0.2,0,0,0,0,0,0,3,0,2,0,0,0,1,0,0,,Matches
613,Yoon Young-geul,GK,kr Korea Republic,35,1987,1.0,0,0,0,0,0,0,0,0,0,0,0,0,1,0,0,,Matches
614,Lee Young-ju,MF,kr Korea Republic,31,1992,1.0,0,0,0,0,1,0,0,3,3,0,0,0,8,2,7,22.2,Matches
615,Zhu Yu,GK,cn China PR,25,1997,2.0,0,0,0,0,0,0,0,0,0,0,0,0,1,0,0,,Matches
616,Choe Yu-ri,"MF,FW",kr Korea Republic,28,1994,2.4,0,0,0,5,2,0,6,3,3,0,0,0,10,10,9,52.6,Matches
617,Shelina Zadorsky,DF,ca Canada,30,1992,0.5,0,0,0,0,0,0,0,0,1,0,0,0,3,0,0,,Matches
618,Katie Zelem,MF,eng England,27,1996,1.0,0,0,0,0,0,0,4,0,2,0,0,0,7,2,1,66.7,Matches
619,Claudia Zornoza,MF,es Spain,32,1990,0.4,0,0,0,0,0,0,2,1,0,0,0,0,1,2,1,66.7,Matches